Compound,Date,Negative,Neutral,Positive,Tweet Text,Tweets Ago,User
0.0,Thu Apr 05 00:44:03 +0000 2018,0.0,1.0,0.0,Derbyshire Police: Choir of male PCs 'not very PC' https://t.co/x1tTPr1txi,0,@BBCNews
0.0,Thu Apr 05 00:03:17 +0000 2018,0.0,1.0,0.0,Which? wants fire-risk fridges taken off the market https://t.co/o6Awz3TEw3,1,@BBCNews
0.026,Wed Apr 04 23:50:46 +0000 2018,0.0,0.879,0.121,N Korea missile 'could reach UK shores within months' https://t.co/JItlGRkAWa,2,@BBCNews
0.0,Wed Apr 04 23:48:00 +0000 2018,0.0,1.0,0.0,University of Hull beats Oxbridge in equality ranking https://t.co/iBiRHYaYPU,3,@BBCNews
0.0,Wed Apr 04 23:42:57 +0000 2018,0.0,1.0,0.0,"Human Planet: Tribe's treehouses not real home, says BBC https://t.co/UR4FEOoPsC",4,@BBCNews
0.0,Wed Apr 04 23:03:23 +0000 2018,0.0,1.0,0.0,"Children's centre closures may be as high as 1,000, says study https://t.co/R21chVWdRn",5,@BBCNews
-0.844,Wed Apr 04 21:57:32 +0000 2018,0.403,0.597,0.0,"Thursday's Mirror: ""Fury as OAP held for 'killing burglar'"" #tomorrowspaperstoday #bbcpapers (via @hendopolis) https://t.co/0c3zyIHgb7",6,@BBCNews
0.0,Wed Apr 04 21:56:32 +0000 2018,0.0,1.0,0.0,"Thursday's Mail: ""Held for murder... defending his wife and home"" #tomorrowspaperstoday #bbcpapers (via @hendopolis) https://t.co/RVJCKOjtNg",7,@BBCNews
-0.691,Wed Apr 04 21:55:40 +0000 2018,0.299,0.701,0.0,"Thursday's Sun: ""Pippa in-law rape quiz No2"" #tomorrowspaperstoday #bbcnews (via @hendopolis) https://t.co/b2WVJd65ij",8,@BBCNews
-0.103,Wed Apr 04 21:55:01 +0000 2018,0.085,0.915,0.0,"Thursday's Guardian: ""Gender pay gap: men paid more at 80% of firms"" #tomorrowspaperstoday #bbcnews (via‚Ä¶ https://t.co/PftiKIQ81C",9,@BBCNews
0.0,Wed Apr 04 21:54:20 +0000 2018,0.0,1.0,0.0,"Thursday's Metro:""He‚Äôs got the right to defend his home"" #tomorrowspaperstoday #bbcnews (via @hendopolis)  https://t.co/X0UC6Oeygt",10,@BBCNews
0.0,Wed Apr 04 21:53:53 +0000 2018,0.0,1.0,0.0,"Thursday's Times: ""UK locates source of Salisbury nerve agent"" #tomorrowspaperstoday #bbcnews (via @hendopolis) https://t.co/a13Wv7Y8yM",11,@BBCNews
0.0,Wed Apr 04 21:53:19 +0000 2018,0.0,1.0,0.0,"Thursday's Express: ""Pensioner held for ‚Äòmurder‚Äô of burglar"" #tomorrowspaperstoday #bbcnews (via @hendopolis) https://t.co/9uk7hJvBVc",12,@BBCNews
-0.791,Wed Apr 04 21:52:37 +0000 2018,0.389,0.611,0.0,"Thursday's Telegraph: ""Pensioner arrested over death of burglar"" #tomorrowspaperstoday #bbcnews (via @hendopolis) https://t.co/iSqLPCWFay",13,@BBCNews
0.765,Wed Apr 04 21:24:32 +0000 2018,0.0,0.708,0.292,"RT @BBCSport: A ""genuinely lovely man"" who was ""liked by everybody"".

@GaryLineker has paid tribute to Ray Wilkins.

https://t.co/OzJ0AscGo‚Ä¶",14,@BBCNews
-0.67,Wed Apr 04 21:02:01 +0000 2018,0.474,0.526,0.0,Man killed in Hackney stabbing https://t.co/0yl82HM7aJ,15,@BBCNews
-0.103,Wed Apr 04 20:44:11 +0000 2018,0.06,0.94,0.0,"RT @BBCSport: It's all over at Anfield. 

Liverpool stunned Man City in the first-half and will take a 3-0 lead to the Etihad. 

A mountain‚Ä¶",16,@BBCNews
-0.511,Wed Apr 04 20:06:10 +0000 2018,0.292,0.708,0.0,Pope Francis tweets in sick toddler Alfie Evans https://t.co/e1uns7V8Pl,17,@BBCNews
0.507,Wed Apr 04 19:17:54 +0000 2018,0.0,0.853,0.147,"RT @5liveSport: GOAL! #LFC 3-0 #MCFC 

Salah crosses and Man√© heads in!

""This is UN-BE-LIEVE-ABLE!"" @RobbieSavage8 

We've only played hal‚Ä¶",18,@BBCNews
-0.44,Wed Apr 04 19:17:27 +0000 2018,0.326,0.674,0.0,Facebook scandal 'hit 87 million users' https://t.co/MLZIkjnFq3,19,@BBCNews
0.397,Wed Apr 04 19:07:42 +0000 2018,0.0,0.871,0.129,"RT @5liveSport: GOAL! #LFC 2-0 #MCFC

Oxlade-Chamberlain pings one into the top corner from 25 yards!

""WOOOOOOOW!"" @RobbieSavage8 

üî¥ #LIV‚Ä¶",20,@BBCNews
-0.273,Wed Apr 04 18:35:41 +0000 2018,0.181,0.717,0.102,RT @BBCScotlandNews: Stagecoach bus driver goes the extra mile by stopping to help disabled woman across busy road in miserable weather htt‚Ä¶,21,@BBCNews
-0.402,Wed Apr 04 18:29:51 +0000 2018,0.252,0.748,0.0,Florida car crash: Tributes paid to Stephenson family https://t.co/UATE8k51kA,22,@BBCNews
-0.103,Wed Apr 04 18:27:07 +0000 2018,0.091,0.909,0.0,RT @BBCBusiness: What's your company doing to tackle the gender pay gap? ‚ôÄÔ∏è‚ôÇÔ∏è https://t.co/ql1lcn7rP5 https://t.co/GbEz9R2c1G,23,@BBCNews
-0.44,Wed Apr 04 18:26:45 +0000 2018,0.127,0.873,0.0,"RT @BBCSport: The Manchester City team bus was damaged while making its way through those crowds to Anfield.

It's undriveable.

https://t.‚Ä¶",24,@BBCNews
-0.193,Wed Apr 04 16:47:24 +0000 2018,0.085,0.915,0.0,"RT @BBCBusiness: ""Do women really have a say?"" The gender pay gap results are in - what do women think? 

https://t.co/ql1lcn7rP5 https://t‚Ä¶",25,@BBCNews
0.0,Wed Apr 04 16:34:08 +0000 2018,0.0,1.0,0.0,Duke of Edinburgh recovers after operation https://t.co/jhrHwKfVhU,26,@BBCNews
0.0,Wed Apr 04 16:23:57 +0000 2018,0.0,1.0,0.0,RT @BBCWorld: We're gonna need a bigger boat ü¶à https://t.co/rdRHbb2vU3,27,@BBCNews
0.0,Wed Apr 04 16:23:38 +0000 2018,0.0,1.0,0.0,"RT @BBCWorld: Hop onboard the train that (somehow) squeezes through a crowded market near Bangkok, eight times a day üò≤üöÇ https://t.co/BeGYbr‚Ä¶",28,@BBCNews
0.0,Wed Apr 04 16:20:57 +0000 2018,0.0,1.0,0.0,RT @BBCScotlandNews: Dog needed life-saving surgery after swallowing golf ball https://t.co/TkHIfMMjL7 https://t.co/ErfTp386xO,29,@BBCNews
0.0,Wed Apr 04 16:13:52 +0000 2018,0.0,1.0,0.0,Ministers outline plan for disabled people's air travel https://t.co/JUMxFTumeE,30,@BBCNews
0.0,Wed Apr 04 16:11:09 +0000 2018,0.0,1.0,0.0,"RT @BBCNewsbeat: https://t.co/aABw93cD48 has been branded a far-right organisation after its ""Londonistan"" tweet 

https://t.co/tfYQXBwuvA",31,@BBCNews
0.361,Wed Apr 04 16:09:55 +0000 2018,0.0,0.898,0.102,"RT @BBC_HaveYourSay: We'd like to hear your stories of NHS firsts: 
 
Were you the first to have a unique medical procedure? 
Did your rela‚Ä¶",32,@BBCNews
0.0,Wed Apr 04 16:02:20 +0000 2018,0.0,1.0,0.0,"RT @BBCSport: Tonight's the night! 

#GC2018 https://t.co/WYXbglPsHG",33,@BBCNews
0.0,Wed Apr 04 15:54:54 +0000 2018,0.0,1.0,0.0,"https://t.co/oTJC9wPcai 'now a far-right organisation', Labour MP says https://t.co/P9NiIWOCGR",34,@BBCNews
-0.422,Wed Apr 04 15:28:08 +0000 2018,0.259,0.741,0.0,Prestatyn man denies race-hate in golliwog court case https://t.co/HJPTB4g8jQ,35,@BBCNews
0.0,Wed Apr 04 15:12:39 +0000 2018,0.0,1.0,0.0,"RT @BBCEngland: A man with Parkinson's said he was left ""fuming"" after the driver of a bus told him to ""hurry up"" while boarding https://t.‚Ä¶",36,@BBCNews
0.361,Wed Apr 04 15:09:30 +0000 2018,0.0,0.783,0.217,Labour anti-Semitism row: Jewish leaders agree to Corbyn meeting https://t.co/DPveFoPxjb,37,@BBCNews
0.0,Wed Apr 04 15:04:42 +0000 2018,0.0,1.0,0.0,"RT @BBCWorld: Saving animals using space technology üêò ü¶èü¶íüî≠

https://t.co/SSx5Wdk3wi https://t.co/6tmajDf1Pa",38,@BBCNews
-0.153,Wed Apr 04 14:09:52 +0000 2018,0.39,0.39,0.221,Lawyers' strike over cuts to justice system delay trial https://t.co/dyriqlQb5O,39,@BBCNews
-0.7,Wed Apr 04 14:08:12 +0000 2018,0.201,0.799,0.0,"RT @BBC_HaveYourSay: ""It makes me sad to see an older woman. They've nothing left."" Why are women mocking the way men write about them? 

F‚Ä¶",40,@BBCNews
-0.296,Wed Apr 04 13:56:28 +0000 2018,0.099,0.901,0.0,"RT @BBCSport: A touch of absolute class in the 1983 FA Cup Final from Ray Wilkins. He'll be sorely missed. 
https://t.co/40j2H72nag https:/‚Ä¶",41,@BBCNews
-0.791,Wed Apr 04 13:46:33 +0000 2018,0.212,0.788,0.0,"RT @BBCSport: Such sad news about the death of former England star Ray Wilkins. 
Here he is in 1983 after scoring in the FA Cup Final for M‚Ä¶",42,@BBCNews
0.0,Wed Apr 04 13:20:45 +0000 2018,0.0,1.0,0.0,Ray Wilkins: Former England captain dies in London hospital https://t.co/Zp4UUnDn8T,43,@BBCNews
-0.128,Wed Apr 04 13:19:15 +0000 2018,0.121,0.774,0.104,"RT @BBCSport: Former England and Chelsea midfielder Ray Wilkins has died in hospital at the age of 61.

Our thoughts are with his friends a‚Ä¶",44,@BBCNews
0.494,Wed Apr 04 13:10:45 +0000 2018,0.0,0.738,0.262,RT @BBCScotlandNews: Chef praised for 'awful' burger response https://t.co/eudC5sxXku https://t.co/j02nJq8z4l,45,@BBCNews
-0.494,Wed Apr 04 13:09:52 +0000 2018,0.286,0.714,0.0,Heroin deaths highest in Blackpool and coastal areas https://t.co/214JFusdsb,46,@BBCNews
-0.727,Wed Apr 04 13:09:52 +0000 2018,0.466,0.534,0.0,Russian spy: Labour criticises Boris Johnson's poisoning response https://t.co/Y0MyrunNU0,47,@BBCNews
0.0,Wed Apr 04 12:24:57 +0000 2018,0.0,1.0,0.0,Obesity-related hospital admissions 'double in four years' https://t.co/TZTNBTQHEK,48,@BBCNews
0.494,Wed Apr 04 11:29:21 +0000 2018,0.0,0.873,0.127,"RT @bbcweather: This afternoon: Sunshine and heavy, thundery showers are forecast for Eng &amp; Wales. Scot &amp; N Ire will be cloudy with outbrea‚Ä¶",49,@BBCNews
0.318,Wed Apr 04 11:29:14 +0000 2018,0.0,0.881,0.119,"RT @BBCJLandale: FCO minister @AlistairBurtUK pushes back against Porton Down muddle, insisting Russia was responsible for 'brazen' Salisbu‚Ä¶",50,@BBCNews
-0.318,Wed Apr 04 11:15:46 +0000 2018,0.256,0.598,0.145,Amazon adverts banned for 'misleading' customers over savings https://t.co/7JoBsZ4dex,51,@BBCNews
0.0,Wed Apr 04 11:11:44 +0000 2018,0.0,1.0,0.0,Body of 'newborn baby' found in field in Rochdale https://t.co/0eJdbjf72w,52,@BBCNews
0.0,Wed Apr 04 11:03:45 +0000 2018,0.0,1.0,0.0,RT @BBCBusiness: #ICYMI @BBCSimonJack's 'masterclass' in grabbing a guest live for an interview on @BBCNews https://t.co/3UyaazS5TW,53,@BBCNews
0.0,Wed Apr 04 10:41:57 +0000 2018,0.0,1.0,0.0,RT @BBCScotlandNews: Scotland are set to walk into the arena for the opening ceremony of the 2018 Commonwealth Games. You can follow it liv‚Ä¶,54,@BBCNews
-0.103,Wed Apr 04 10:41:20 +0000 2018,0.113,0.887,0.0,RT @BBCBusiness: What's the gender pay gap at your company? https://t.co/XHjgqKhLI1 https://t.co/641lvBMsKC,55,@BBCNews
-0.402,Wed Apr 04 10:39:34 +0000 2018,0.144,0.856,0.0,"RT @VictoriaLIVE: The unspoken alcohol problem among UK Punjabis.

See the full film: https://t.co/YtHP4HvAAK
Read more: https://t.co/iv2sh‚Ä¶",56,@BBCNews
-0.459,Wed Apr 04 10:39:12 +0000 2018,0.231,0.769,0.0,RT @BBCTech: HTC's Tom Daley swimming pool selfie advert banned https://t.co/4KiA1AZNn9,57,@BBCNews
-0.477,Wed Apr 04 10:28:00 +0000 2018,0.307,0.693,0.0,"Hither Green 'burglar' stabbing: Man, 78, arrested https://t.co/M4fzcQRYhq",58,@BBCNews
0.317,Wed Apr 04 10:19:59 +0000 2018,0.093,0.76,0.147,RT @bbcweather: More sunshine around tomorrow as a ridge of high pressure moves in and gives more settled conditions. Jo https://t.co/e0a9Q‚Ä¶,59,@BBCNews
0.0,Wed Apr 04 09:53:58 +0000 2018,0.0,1.0,0.0,Vauxhall to build new Vivaro van at Luton https://t.co/LvNwFcfy9K,60,@BBCNews
0.494,Wed Apr 04 09:08:17 +0000 2018,0.0,0.846,0.154,"RT @VictoriaLIVE: ""If we want to deter them we need to give them something better to do.""

Kevin Campbell is a former gang member and outre‚Ä¶",61,@BBCNews
0.637,Wed Apr 04 08:51:05 +0000 2018,0.0,0.846,0.154,RT @BBC_HaveYourSay: Are you a current or retired NHS doctor? We'd love to hear your memories of the health service over the last 70 years.‚Ä¶,62,@BBCNews
-0.25,Wed Apr 04 07:45:28 +0000 2018,0.188,0.708,0.104,RT @BBCEngland: A police force's e-fit of a grinning burglary suspect has been mocked for its resemblance to the Cheshire Cat https://t.co/‚Ä¶,63,@BBCNews
0.459,Wed Apr 04 07:21:35 +0000 2018,0.0,0.786,0.214,Bafta TV awards: Nomination for Ant and Dec's Saturday Night Takeaway https://t.co/b0lROgmv7W,64,@BBCNews
0.0,Wed Apr 04 07:02:27 +0000 2018,0.0,1.0,0.0,Rag'n'Bone Man: New songs for Record Store Day 2018 https://t.co/bNoUbbtg3R,65,@BBCNews
0.422,Wed Apr 04 06:38:38 +0000 2018,0.062,0.796,0.142,RT @bbcdavideades: Gender Pay Gap deadline for 9000 British companies and organisations today. Discrepanices in some sectors is pretty vast‚Ä¶,66,@BBCNews
0.0,Wed Apr 04 04:03:17 +0000 2018,0.0,1.0,0.0,Russian spy: Chemical watchdog to meet at Russia's request https://t.co/MZEoZEuoZz,67,@BBCNews
0.285,Wed Apr 04 00:44:58 +0000 2018,0.0,0.837,0.163,MPs urge free trade area after Brexit - but committee is split https://t.co/aJXCZpiwnz,68,@BBCNews
-0.25,Wed Apr 04 00:25:29 +0000 2018,0.305,0.455,0.24,Abraham Badru Hackney murder: Police offer ¬£20k reward https://t.co/PZTDvY20iX,69,@BBCNews
-0.103,Wed Apr 04 00:18:24 +0000 2018,0.149,0.851,0.0,Companies race to meet gender pay gap deadline https://t.co/bxdc3AligC,70,@BBCNews
-0.772,Wed Apr 04 00:15:10 +0000 2018,0.573,0.427,0.0,Birth trauma mother 'wanted to die' https://t.co/wMfHHqpyAM,71,@BBCNews
0.0,Tue Apr 03 23:48:37 +0000 2018,0.0,1.0,0.0,Duke of Edinburgh to undergo hip surgery in hospital https://t.co/XygTRSyKf6,72,@BBCNews
0.0,Tue Apr 03 23:45:43 +0000 2018,0.0,1.0,0.0,WPP boss Martin Sorrell faces investigation https://t.co/wY6fmKfqn0,73,@BBCNews
-0.511,Tue Apr 03 22:07:56 +0000 2018,0.281,0.719,0.0,"Wednesday's Telegraph: ""May attacks ‚Äòinjustice‚Äô of pay gap"" #tomorrowspaperstoday #bbcpapers (via @hendopolis) https://t.co/xXY94KpJET",74,@BBCNews
0.0,Tue Apr 03 22:07:26 +0000 2018,0.0,1.0,0.0,"Wednesday's Guardian: ""UK chemical experts unable to confirm nerve agent made in Russia"" #tomorrowspaperstoday‚Ä¶ https://t.co/mDcL2bQrm2",75,@BBCNews
-0.557,Tue Apr 03 22:06:45 +0000 2018,0.247,0.753,0.0,"Wednesday's Sun: ""She died in mum‚Äôs arms"" #tomorrowspaperstoday #bbcpapers (via @hendopolis)  https://t.co/gl304WyhhV",76,@BBCNews
0.338,Tue Apr 03 22:06:06 +0000 2018,0.0,0.834,0.166,"Wednesday's Express: ""How many more innocents must die?"" #tomorrowspaperstoday #bbcpapers (via @hendopolis)  https://t.co/OVn2YYAVP1",77,@BBCNews
-0.077,Tue Apr 03 22:05:29 +0000 2018,0.138,0.739,0.123,"Wednesday's FT: ""Disney offers deal for Sky News to ease fears on Murdoch's power"" #tomorrowspaperstoday #bbcpapers‚Ä¶ https://t.co/7Pz11mU3Ae",78,@BBCNews
-0.382,Tue Apr 03 22:04:38 +0000 2018,0.178,0.822,0.0,"Wednesday's Times: ""May battles to preserve alliance against Russia"" #tomorrowspaperstoday #bbcpapers (via‚Ä¶ https://t.co/UXuAwq5eJJ",79,@BBCNews
-0.273,Tue Apr 03 22:03:56 +0000 2018,0.13,0.87,0.0,"Wednesday's Daily Mail: ""How low can you go, Mr Corbyn?"" #tomorrowspaperstoday #bbcpapers (via @hendopolis) https://t.co/KmANOgeiWX",80,@BBCNews
-0.422,Tue Apr 03 22:03:05 +0000 2018,0.167,0.833,0.0,"Wednesday's Mirror: ""Queen‚Äôs fears as Philip, 96, to have op today"" #tomorrowspaperstoday #bbcpapers (via‚Ä¶ https://t.co/yW1slKIe7u",81,@BBCNews
-0.848,Tue Apr 03 21:52:14 +0000 2018,0.305,0.695,0.0,"RT @BBCBreaking: Female suspect dead in shooting at YouTube HQ in San Bruno, California which has left at least four other people injured -‚Ä¶",82,@BBCNews
-0.822,Tue Apr 03 21:40:42 +0000 2018,0.432,0.568,0.0,"London shootings: Boy, 16, dies after girl killed in another attack https://t.co/3BzYQ2jfhM",83,@BBCNews
-0.557,Tue Apr 03 21:10:27 +0000 2018,0.205,0.795,0.0,"16-year-old boy shot Monday in Walthamstow, London, has died from his injuries - Met Police‚Ä¶ https://t.co/ynZQD6syER",84,@BBCNews
0.402,Tue Apr 03 20:53:20 +0000 2018,0.0,0.881,0.119,"RT @BBCBreaking: What we know so far:

- Police say they're responding to ""active shooter"" incident at YouTube headquarters in California
-‚Ä¶",85,@BBCNews
0.48,Tue Apr 03 20:07:20 +0000 2018,0.119,0.677,0.204,"RT @BBCSport: GOAL! Juventus 0-2 Real Madrid

WOW.

Ronaldo has just pulled off an outrageous overhead kick!

Live: https://t.co/NSB5jhrF9c‚Ä¶",86,@BBCNews
0.0,Tue Apr 03 19:28:27 +0000 2018,0.0,1.0,0.0,Commonwealth Games: Para-athlete Nikki Emerson 'told to wait to go to toilet' https://t.co/Kz7IkfhuUS,87,@BBCNews
-0.34,Tue Apr 03 19:11:04 +0000 2018,0.194,0.806,0.0,Delays warning as air traffic control moves to digital system https://t.co/Le6jfbZ8NG,88,@BBCNews
-0.511,Tue Apr 03 19:11:04 +0000 2018,0.32,0.68,0.0,Patrick Kielty's family rejected IRA 'revenge' offer https://t.co/Br7Pql6Pq6,89,@BBCNews
0.382,Tue Apr 03 19:02:31 +0000 2018,0.0,0.89,0.11,RT @bbcweather: Tomorrow: heavy showers or longer spells of rain. Some of the showers could be thundery. A few brighter interludes as well‚Ä¶,90,@BBCNews
0.0,Tue Apr 03 17:50:17 +0000 2018,0.0,1.0,0.0,RT @BBC_HaveYourSay: Are you a graduate who‚Äôs had to move back in with your parents? Or have your children come back to live with you after‚Ä¶,91,@BBCNews
0.422,Tue Apr 03 17:43:55 +0000 2018,0.0,0.741,0.259,UKIP 'saved from insolvency' by donations - Gerard Batten https://t.co/rbn7d1ImlM,92,@BBCNews
0.202,Tue Apr 03 16:58:58 +0000 2018,0.0,0.769,0.231,RAC apologises after breaking insurance rules https://t.co/n9RCyjgSib,93,@BBCNews
-0.802,Tue Apr 03 16:51:06 +0000 2018,0.545,0.455,0.0,Four Britons killed in Florida car crash https://t.co/zopEcZZ24v,94,@BBCNews
-0.66,Tue Apr 03 16:48:46 +0000 2018,0.306,0.694,0.0,UK's first proton beam cancer centre to open in Newport https://t.co/TIpfhXq6nN,95,@BBCNews
0.0,Tue Apr 03 16:40:50 +0000 2018,0.0,1.0,0.0,Jacob Rees-Mogg to host phone-in show on LBC https://t.co/usI4x3QTl8,96,@BBCNews
0.557,Tue Apr 03 16:29:49 +0000 2018,0.0,0.581,0.419,Josh is a remarkable young man üëè https://t.co/zFOHqykje1,97,@BBCNews
-0.318,Tue Apr 03 16:28:07 +0000 2018,0.277,0.723,0.0,'Cheshire Cat burglar' police e-fit mocked https://t.co/PHfBeDiFFS,98,@BBCNews
0.0,Tue Apr 03 16:18:42 +0000 2018,0.0,1.0,0.0,Russian spy: Source of nerve agent 'not identified' https://t.co/fcMp6sCp40,99,@BBCNews
0.0,Thu Apr 05 00:40:01 +0000 2018,0.0,1.0,0.0,President Trump signs proclamation directing the National Guard to be deployed to the U.S.-Mexico border.‚Ä¶ https://t.co/6IzYtfdJWr,0,@CBSNews
0.0,Thu Apr 05 00:31:01 +0000 2018,0.0,1.0,0.0,Facebook CEO Mark Zuckerberg will testify before the Senate Judiciary and Commerce committees on April 10. https://t.co/j0bkSF5wIl,1,@CBSNews
0.0,Thu Apr 05 00:20:01 +0000 2018,0.0,1.0,0.0,Singers who happened to be in Memphis at the same time as Dr. King sang for the civil rights leader just two weeks‚Ä¶ https://t.co/tHBUrjOqP9,2,@CBSNews
0.226,Thu Apr 05 00:00:02 +0000 2018,0.0,0.872,0.128,President Trump surprises his own administration by ordering troops to Mexican border. https://t.co/xhSFP503o3 https://t.co/lhN9xiCRzo,3,@CBSNews
-0.052,Wed Apr 04 23:39:32 +0000 2018,0.159,0.691,0.15,"On the anniversary of Martin Luther King Jr.'s assassination, Americans paused to celebrate his life and the moveme‚Ä¶ https://t.co/bwGPcTQVrZ",4,@CBSNews
0.494,Wed Apr 04 23:08:40 +0000 2018,0.0,0.824,0.176,WATCH: Bells across the nation toll 39 times in honor of Dr. Martin Luther King. https://t.co/3rLuOJvkdP,5,@CBSNews
0.0,Wed Apr 04 23:03:42 +0000 2018,0.0,1.0,0.0,"""I think the thing that put a gleam in our eyes was to know that we were going to sing for Dr. King, our idol."" Two‚Ä¶ https://t.co/Boz5HEBb9y",6,@CBSNews
0.026,Wed Apr 04 23:01:25 +0000 2018,0.12,0.756,0.124,The popular @Ancestry DNA test revealed a shocking secret for a woman. She learned the real identity of her biologi‚Ä¶ https://t.co/yEwharMteH,7,@CBSNews
-0.542,Wed Apr 04 22:56:06 +0000 2018,0.263,0.658,0.078,Fort Worth police released bodycam footage in the controversial arrest of man who was accused of resisting. His att‚Ä¶ https://t.co/EECuiYRjXJ,8,@CBSNews
0.691,Wed Apr 04 22:52:16 +0000 2018,0.0,0.729,0.271,"""If we had the opportunity to talk to President Trump, we would reiterate how vitally important the exports are to‚Ä¶ https://t.co/s7rJXc5NRb",9,@CBSNews
0.477,Wed Apr 04 22:49:21 +0000 2018,0.0,0.758,0.242,The president's announcement to retreat troops from Syria in a matter of months is creating a split in his administ‚Ä¶ https://t.co/ADDDJ2OEMo,10,@CBSNews
0.0,Wed Apr 04 22:44:59 +0000 2018,0.0,1.0,0.0,.@POTUS will deploy U.S. troops to the southern border with Mexico. The White House is also asking states to send m‚Ä¶ https://t.co/6Jkq3YrHJV,11,@CBSNews
0.0,Wed Apr 04 22:38:24 +0000 2018,0.0,1.0,0.0,"""I'm being discriminated on YouTube and I am not the only one."" San Bruno police believe a grudge with YouTube drov‚Ä¶ https://t.co/PLL69zN1qR",12,@CBSNews
0.485,Wed Apr 04 22:34:46 +0000 2018,0.0,0.884,0.116,"""As they said, he will never die as long as we mention his name."" Fifty years ago, Dr. Martin Luther King Jr. was g‚Ä¶ https://t.co/SukrNdEiLz",13,@CBSNews
-0.743,Wed Apr 04 22:15:01 +0000 2018,0.329,0.511,0.16,"Inspired by the Parkland shooting, one Illinois town votes to ban assault rifles, fine violators up to $1,000 per d‚Ä¶ https://t.co/cvxZ524WdK",14,@CBSNews
-0.202,Wed Apr 04 22:00:02 +0000 2018,0.091,0.909,0.0,"When police arrived, the 3 year old was unconscious and unresponsive. Now, her stepfather has been charged with her‚Ä¶ https://t.co/ScWoSADy2U",15,@CBSNews
-0.66,Wed Apr 04 21:47:02 +0000 2018,0.252,0.748,0.0,"When someone threatened to ""shoot [their] school up"" on Julian Edelman's Instagram account, the Patriots wide recei‚Ä¶ https://t.co/prIrXKxW8a",16,@CBSNews
-0.44,Wed Apr 04 21:30:31 +0000 2018,0.132,0.868,0.0,"During the February 14 massacre in Parkland, Anthony Borges' classmates say he used his body to block a doorway, pr‚Ä¶ https://t.co/EC68o8PeBD",17,@CBSNews
0.273,Wed Apr 04 21:11:01 +0000 2018,0.0,0.896,0.104,"Already under scrutiny for renting a room in a condo from the wife of an energy lobbyist, embattled EPA Administrat‚Ä¶ https://t.co/fDaaGUR9ln",18,@CBSNews
-0.572,Wed Apr 04 20:40:43 +0000 2018,0.29,0.571,0.139,"""Injustice anywhere is a threat to justice everywhere.""

From a Birmingham, Ala., jail cell in 1963, Martin Luther‚Ä¶ https://t.co/XqX5ceSCTw",19,@CBSNews
-0.572,Wed Apr 04 20:20:39 +0000 2018,0.156,0.844,0.0,"WATCH: A giant crack has split the earth in Kenya, terrifying many who live in the area. But what's causing it?‚Ä¶ https://t.co/LiOLKOjQUu",20,@CBSNews
0.0,Wed Apr 04 20:05:31 +0000 2018,0.0,1.0,0.0,"Calls of ""zombie-like"" raccoons have poured in throughout northeast Ohio, as locals puzzle over the animals' bizarr‚Ä¶ https://t.co/7DHs2tOiXX",21,@CBSNews
-0.188,Wed Apr 04 20:00:11 +0000 2018,0.08,0.92,0.0,"""The president is reviewing this situation. We haven't had a chance yet to have a deeper dive. We will let you know‚Ä¶ https://t.co/yF1If3rFbZ",22,@CBSNews
-0.052,Wed Apr 04 19:54:42 +0000 2018,0.095,0.819,0.086,"""The president is worried about countries that have been taking advantage of us over decades and he's not going to‚Ä¶ https://t.co/0GnHAk4Gkm",23,@CBSNews
0.402,Wed Apr 04 19:50:25 +0000 2018,0.0,0.886,0.114,A 2014 FBI study examined 160 active shooter incidents over 13 years. Only 6 of them -- less than 4% -- involved fe‚Ä¶ https://t.co/rJC2Wy8g2p,24,@CBSNews
0.494,Wed Apr 04 19:48:10 +0000 2018,0.0,0.792,0.208,"""The president is working in conjunction with his legal team in making a determination. I don't have anything speci‚Ä¶ https://t.co/h47KSLGZly",25,@CBSNews
0.44,Wed Apr 04 19:39:48 +0000 2018,0.0,0.813,0.187,WATCH LIVE: Secretary of Homeland Security Kristjen Nielsen says @POTUS has asked the Department of Defense and DHS‚Ä¶ https://t.co/GTIq08NQlj,26,@CBSNews
0.34,Wed Apr 04 19:32:24 +0000 2018,0.0,0.893,0.107,"NEW: ""Facebook information of up to 87 million people ‚Äî mostly in the US ‚Äî may have been improperly shared with Cam‚Ä¶ https://t.co/h9vB7eNP02",27,@CBSNews
0.0,Wed Apr 04 19:30:45 +0000 2018,0.0,1.0,0.0,May the force be with...Meryl Streep? A Petition calling for Meryl Streep to replace Carrie Fisher as Princess Leia‚Ä¶ https://t.co/QcsPqCU8VD,28,@CBSNews
0.34,Wed Apr 04 19:21:22 +0000 2018,0.0,0.876,0.124,WATCH LIVE: DHS Sec. Kirstjen Nielsen addresses Trump administration border security plan at White House press brie‚Ä¶ https://t.co/gp58DqyiPc,29,@CBSNews
0.178,Wed Apr 04 19:15:07 +0000 2018,0.0,0.918,0.082,"""We're not gonna take it"": Twisted Sister's classic rock hit has become the unlikely anthem of the growing teachers‚Ä¶ https://t.co/vzAZdj1JKp",30,@CBSNews
0.361,Wed Apr 04 18:55:31 +0000 2018,0.0,0.884,0.116,Dramatic video shows a row of power lines toppled like dominoes after a tornado swept through an Ohio town on Tuesd‚Ä¶ https://t.co/s3lsiF7mpy,31,@CBSNews
-0.44,Wed Apr 04 18:32:01 +0000 2018,0.139,0.861,0.0,"A 15-year-old who used his body to block a classroom door during the Parkland, Florida, school shooting has been re‚Ä¶ https://t.co/YHony3b41U",32,@CBSNews
0.0,Wed Apr 04 18:16:01 +0000 2018,0.0,1.0,0.0,More than 3M people have visited the @NMAAHC since it opened nearly 2 years ago. Museum director Lonnie Bunch talks‚Ä¶ https://t.co/OxaHyirKFQ,33,@CBSNews
0.0,Wed Apr 04 18:00:02 +0000 2018,0.0,1.0,0.0,"Meghan Markle will be getting married twice this spring -- once in real life and once on ""Suits""‚Ä¶ https://t.co/rDTvgJxHXT",34,@CBSNews
-0.681,Wed Apr 04 17:41:01 +0000 2018,0.295,0.612,0.094,"Nikki Haley issues new warning over Syria chemical weapons attacks, and is clear on where the U.S. places the blame‚Ä¶ https://t.co/iwmXQAbPOa",35,@CBSNews
-0.586,Wed Apr 04 17:25:01 +0000 2018,0.22,0.78,0.0,"A southern California woman went to a gun range Tuesday prior to opening fire at the YouTube campus, authorities sa‚Ä¶ https://t.co/weXMGWVJkO",36,@CBSNews
-0.599,Wed Apr 04 17:12:01 +0000 2018,0.231,0.769,0.0,Memphis holds remembrance event 50 years after Martin Luther King Jr.'s assassination: https://t.co/lnUTeS6m2a‚Ä¶ https://t.co/vUS3Va2hIh,37,@CBSNews
0.0,Wed Apr 04 16:56:36 +0000 2018,0.0,1.0,0.0,President Trump's new economic adviser says it's possible China tariffs won't happen https://t.co/jraMiZBCYG https://t.co/ioI1lOK8CP,38,@CBSNews
0.25,Wed Apr 04 16:45:50 +0000 2018,0.0,0.913,0.087,"New York City Mayor Bill de Blasio says Martin Luther King Jr.'s ""dream has not been realized"" 50 years after King'‚Ä¶ https://t.co/bpFj3VZ8pL",39,@CBSNews
-0.494,Wed Apr 04 16:26:02 +0000 2018,0.17,0.741,0.089,"Whether YouTube HQ shooting ""rises to the level of terrorism will be determined in the next couple of weeks,"" San B‚Ä¶ https://t.co/ueIIcKGKm2",40,@CBSNews
-0.459,Wed Apr 04 16:24:23 +0000 2018,0.185,0.756,0.059,"San Bruno police chief says YouTube shooting suspect ""legally possessed and owned"" her weapon and she ""was at the g‚Ä¶ https://t.co/VQIPLyKYrq",41,@CBSNews
-0.296,Wed Apr 04 16:22:33 +0000 2018,0.095,0.905,0.0,"""This was our first encounter and first awareness of the subject after we arrived on scene. We had no prior contact‚Ä¶ https://t.co/zklv3Po9uz",42,@CBSNews
-0.586,Wed Apr 04 16:19:52 +0000 2018,0.194,0.806,0.0,"""It is believed that the suspect was upset with policies and practices of YouTube. This appears to be the motive fo‚Ä¶ https://t.co/xGabyuLr1M",43,@CBSNews
-0.527,Wed Apr 04 16:18:08 +0000 2018,0.188,0.812,0.0,There is no evidence linking YouTube shooting suspect Nasim Najafi Aghdam to any individuals at the scene at the ti‚Ä¶ https://t.co/Hz9fhgYdwr,44,@CBSNews
0.0,Wed Apr 04 16:15:57 +0000 2018,0.0,1.0,0.0,Today marks 50 years since civil rights icon Dr. Martin Luther King Jr. was assassinated at a Memphis hotel #MLK50‚Ä¶ https://t.co/YvOo0mErh1,45,@CBSNews
-0.7,Wed Apr 04 16:15:48 +0000 2018,0.298,0.702,0.0,No other suspects were located following shooting at YouTube HQ and authorities believe there are no additional sus‚Ä¶ https://t.co/Dmw8s8Ufyw,46,@CBSNews
0.0,Wed Apr 04 16:12:18 +0000 2018,0.0,1.0,0.0,"WATCH LIVE: Police give an update on Tuesday's shooting at YouTube HQ in San Bruno, California‚Ä¶ https://t.co/Xg40tRNjlr",47,@CBSNews
-0.625,Wed Apr 04 16:00:03 +0000 2018,0.157,0.843,0.0,"They were nearly 1,000 miles apart. But the family of this 7-year-old boy -- bullied for his cleft lip and two diff‚Ä¶ https://t.co/mhmDFfOFmB",48,@CBSNews
0.0,Wed Apr 04 15:45:01 +0000 2018,0.0,1.0,0.0,"Police are investigating reports of ""zombie-like"" raccoons in Ohio. One animal followed a man to his door, where it‚Ä¶ https://t.co/gps9dvRA6h",49,@CBSNews
0.0,Wed Apr 04 15:32:36 +0000 2018,0.0,1.0,0.0,"As Facebook faces scrutiny over its data collection, Mark Zuckerberg, the social network's founder and CEO, will te‚Ä¶ https://t.co/d5jXcV4dLo",50,@CBSNews
0.881,Wed Apr 04 15:24:37 +0000 2018,0.0,0.673,0.327,"""If Robert Kennedy was here, if Dr. King was here, they would say love each other. And never hate, for hate is too‚Ä¶ https://t.co/1Kz3cdjn9v",51,@CBSNews
0.34,Wed Apr 04 15:21:27 +0000 2018,0.228,0.53,0.242,"""I lost a friend. I lost a great brother. I lost my leader. If it hadn't been for Martin Luther King Jr., I don't k‚Ä¶ https://t.co/AyfUdHOPs0",52,@CBSNews
0.511,Wed Apr 04 15:17:32 +0000 2018,0.0,0.829,0.171,WATCH LIVE: Rep. John Lewis gives a speech honoring Martin Luther King Jr. at memorial in Indianapolis‚Ä¶ https://t.co/xokROnVzcE,53,@CBSNews
-0.852,Wed Apr 04 15:15:01 +0000 2018,0.372,0.628,0.0,"MLK assassination: How Walter Cronkite covered the April 4, 1968 tragedy on ""CBS Evening News""‚Ä¶ https://t.co/Dqa73pNRfE",54,@CBSNews
-0.649,Wed Apr 04 15:00:02 +0000 2018,0.275,0.725,0.0,Mural of  Pres. Trump with gun and bloody school children painted over in Alabama https://t.co/93PNXjkTtp https://t.co/YtvQLi7cNx,55,@CBSNews
0.402,Wed Apr 04 14:45:01 +0000 2018,0.0,0.838,0.162,Democrats lead in special elections to fill open seats in the California Assembly https://t.co/YmZcP52DjV https://t.co/ReG189w4ah,56,@CBSNews
-0.511,Wed Apr 04 14:30:31 +0000 2018,0.212,0.788,0.0,"The woman suspected of opening fire at YouTube headquarters, Nasim Aghdam, told family members she thought YouTube‚Ä¶ https://t.co/pOjWVJQJfH",57,@CBSNews
0.202,Wed Apr 04 14:15:01 +0000 2018,0.0,0.899,0.101,Stormy Daniels' lawyer wants details from Treasury on payout from Pres. Trump's personal lawyer to Daniels‚Ä¶ https://t.co/Gj55PyjVqP,58,@CBSNews
-0.599,Wed Apr 04 14:00:02 +0000 2018,0.196,0.804,0.0,Choir recalls their meeting with Martin Luther King Jr. just two weeks before his death https://t.co/wwJMp7ABt8 https://t.co/jid2rOEelp,59,@CBSNews
0.202,Wed Apr 04 13:45:01 +0000 2018,0.159,0.61,0.232,"President Trump vows ""strong action"" on border security and dismisses China ""trade war"" in early morning tweets‚Ä¶ https://t.co/3O52R494VA",60,@CBSNews
0.0,Wed Apr 04 13:41:45 +0000 2018,0.0,1.0,0.0,"‚ÄúOne of the announced tariffs this morning was on soybeans -- that is both political and personal,‚Äù Jack Kramer say‚Ä¶ https://t.co/sOPw1JRQj7",61,@CBSNews
0.0,Wed Apr 04 13:37:07 +0000 2018,0.0,1.0,0.0,NEW: Dow opens down almost 2% after China announces new tariffs against U.S. goods. https://t.co/9SZGSFXHXV https://t.co/2FYXXdjMxE,62,@CBSNews
0.0,Wed Apr 04 13:30:37 +0000 2018,0.0,1.0,0.0,"A man decided to climb Sydney Harbor Bridge, bringing traffic to a standstill and forcing police to negotiate for h‚Ä¶ https://t.co/jNR02SuLUq",63,@CBSNews
0.0,Wed Apr 04 13:15:01 +0000 2018,0.0,1.0,0.0,"Federal investigators are still examining the explosives recovered after last month's bombing spree in Austin, Texa‚Ä¶ https://t.co/b2OsIfQG1u",64,@CBSNews
0.289,Wed Apr 04 13:00:31 +0000 2018,0.114,0.716,0.17,"An airplane hangar at Houston's Hobby Airport completely collapsed after a strong storm ripped through, leaving an‚Ä¶ https://t.co/m7XDEJMeF4",65,@CBSNews
0.0,Wed Apr 04 12:46:25 +0000 2018,0.0,1.0,0.0,More than 3 million people visited the Smithsonian's National Museum of African American History &amp; Culture since it‚Ä¶ https://t.co/goyIqlQAqN,66,@CBSNews
-0.385,Wed Apr 04 12:45:01 +0000 2018,0.175,0.825,0.0,What you need to know about Sinclair Broadcast Group: The station owner wasn't well known until a controversial vid‚Ä¶ https://t.co/6MPXHCIcmZ,67,@CBSNews
-0.402,Wed Apr 04 12:35:44 +0000 2018,0.169,0.736,0.095,Today marks the 50th anniversary of the assassination of Dr. Martin Luther King Jr. @CBSThisMorning shares the litt‚Ä¶ https://t.co/1IHBVtqgLU,68,@CBSNews
0.0,Wed Apr 04 12:35:03 +0000 2018,0.0,1.0,0.0,Here‚Äôs a look at some of this morning‚Äôs other headlines on @CBSThisMorning https://t.co/FWTR41VyYl,69,@CBSNews
0.0,Wed Apr 04 12:30:28 +0000 2018,0.0,1.0,0.0,NEW: Facebook CEO Mark Zuckerberg will testify before congressional panel on April 11th on the company‚Äôs use and pr‚Ä¶ https://t.co/hEeu8g7J3I,70,@CBSNews
-0.226,Wed Apr 04 12:30:01 +0000 2018,0.306,0.437,0.257,"Fears over toxic waste buried in yards like ""hidden treasure"" https://t.co/GyWe2sI7fE https://t.co/I73hylVJbf",71,@CBSNews
0.0,Wed Apr 04 12:27:08 +0000 2018,0.0,1.0,0.0,A massive crack that is up to 50-feet suddenly opened up in the ground in Africa. The crack stretches along Kenya‚Äôs‚Ä¶ https://t.co/TlCZvEm46p,72,@CBSNews
0.0,Wed Apr 04 12:19:30 +0000 2018,0.0,1.0,0.0,The Food and Drug Administration is ordering a Las Vegas company to recall all of its dietary supplements containin‚Ä¶ https://t.co/D90Bq7jC8p,73,@CBSNews
0.0,Wed Apr 04 12:15:02 +0000 2018,0.0,1.0,0.0,Facebook removes more content generated by Kremlin-linked troll farm https://t.co/i5uxmZaymY https://t.co/UgrKvOhbnK,74,@CBSNews
-0.599,Wed Apr 04 12:13:06 +0000 2018,0.17,0.83,0.0,Today is the 50th anniversary since Martin Luther King Jr.‚Äôs assassination at the Lorraine Motel in Memphis. The mo‚Ä¶ https://t.co/fjMMhCVy04,75,@CBSNews
0.0,Wed Apr 04 12:07:03 +0000 2018,0.0,1.0,0.0,North and South Korea are expected to meet to discuss their countries' historic summit. The White House is also mov‚Ä¶ https://t.co/6P7fsov464,76,@CBSNews
-0.34,Wed Apr 04 12:04:42 +0000 2018,0.112,0.888,0.0,Police are honing in on the motive of the 39-year-old woman who opened fire at YouTube's California headquarters on‚Ä¶ https://t.co/0cJMv6RKgf,77,@CBSNews
-0.527,Wed Apr 04 12:00:03 +0000 2018,0.206,0.794,0.0,"Woman who opened fire at YouTube headquarters, wounding three people, thought the company was ""ruining her life,"" f‚Ä¶ https://t.co/8BgqMo2gZq",78,@CBSNews
-0.494,Wed Apr 04 11:55:10 +0000 2018,0.186,0.814,0.0,"RT @CBSThisMorning: For @ATFHQ bomb experts, it's what's leftover from a blast that counts: https://t.co/6wJat3K0ME https://t.co/7shAiGNCDH",79,@CBSNews
0.0,Wed Apr 04 11:52:16 +0000 2018,0.0,1.0,0.0,Here‚Äôs a look at some of this morning‚Äôs other headlines on @CBSThisMorning https://t.co/TMnzRY26WO,80,@CBSNews
-0.735,Wed Apr 04 11:45:01 +0000 2018,0.292,0.708,0.0,Pres. Trump's call to militarize border comes as illegal crossings last year were lowest since 1971‚Ä¶ https://t.co/E9PKPM0Rth,81,@CBSNews
0.0,Wed Apr 04 11:43:04 +0000 2018,0.0,1.0,0.0,"Federal investigators are still examining the explosives recovered after last month's bombing spree in Austin, Texa‚Ä¶ https://t.co/LVgEQt3Iyr",82,@CBSNews
-0.382,Wed Apr 04 11:36:50 +0000 2018,0.133,0.867,0.0,A family battle is unfolding in New Hampshire over a $7 million inheritance. Nathan Carman appeared in court Tuesda‚Ä¶ https://t.co/As2l5bVg83,83,@CBSNews
-0.318,Wed Apr 04 11:33:00 +0000 2018,0.119,0.822,0.059,Some lawmakers in California want to make it the first state to significantly restrict when police officers can ope‚Ä¶ https://t.co/BTqgevCfod,84,@CBSNews
-0.273,Wed Apr 04 11:32:49 +0000 2018,0.158,0.729,0.113,"Here are three things you should know this morning:
1‚É£50 years since MLK Jr. assassination 
2‚É£Small SUV safety rati‚Ä¶ https://t.co/WRsm10zGgL",85,@CBSNews
-0.813,Wed Apr 04 11:30:01 +0000 2018,0.303,0.697,0.0,"A Utah man forced a teenage girl to watch the killing of her boyfriend before she was slain, prosecutors say‚Ä¶ https://t.co/qk5LObFDqq",86,@CBSNews
0.0,Wed Apr 04 11:18:26 +0000 2018,0.0,1.0,0.0,Thousands are expected to gather in Memphis to remember the life and achievements of the Rev. Dr. Martin Luther Kin‚Ä¶ https://t.co/ifuZvEplf4,87,@CBSNews
0.668,Wed Apr 04 11:17:37 +0000 2018,0.0,0.756,0.244,Special counsel Robert Mueller has reportedly told President Trump's lawyers that he is not a criminal target in th‚Ä¶ https://t.co/xzfphxCXPU,88,@CBSNews
0.0,Wed Apr 04 11:15:01 +0000 2018,0.0,1.0,0.0,"China announces a tariff hike on $50 billion of U.S. goods, including soybeans, aircraft and autos‚Ä¶ https://t.co/R16sBIZe3z",89,@CBSNews
0.34,Wed Apr 04 11:13:42 +0000 2018,0.0,0.897,0.103,President Trump says he wants to use the military to secure the border with Mexico until the U.S. can build a wall‚Ä¶ https://t.co/g9WCdvI4LU,90,@CBSNews
0.527,Wed Apr 04 11:13:16 +0000 2018,0.0,0.812,0.188,China announced it's ready to tax another $50 billion worth of U.S. goods in retaliation for similar tariffs on Chi‚Ä¶ https://t.co/zySM077maQ,91,@CBSNews
0.0,Wed Apr 04 11:12:03 +0000 2018,0.0,1.0,0.0,"60 mph wind tore through parts of Texas overnight, and at least 8 tornadoes were reported across the Midwest and Ke‚Ä¶ https://t.co/hE2OFvH4Yc",92,@CBSNews
0.0,Wed Apr 04 11:11:18 +0000 2018,0.0,1.0,0.0,Marine helicopter crashed during a Southern California training mission and all four crew members were believed kil‚Ä¶ https://t.co/hsxTWIeoBN,93,@CBSNews
-0.34,Wed Apr 04 11:08:51 +0000 2018,0.118,0.882,0.0,"The father of Nasim Aghdam, the 39-year-old woman who opened fire at YouTube's California headquarters, told CBS Ne‚Ä¶ https://t.co/VLUi0B2Kj4",94,@CBSNews
-0.34,Wed Apr 04 11:06:28 +0000 2018,0.138,0.862,0.0,"A 39-year-old woman opened fire at YouTube's California headquarters on Tuesday, wounding three people with a handg‚Ä¶ https://t.co/QAjVh0DGAW",95,@CBSNews
-0.477,Wed Apr 04 11:00:01 +0000 2018,0.181,0.819,0.0,"Fake news on YouTube shooting spreads, despite recent efforts to clamp down on misinformation‚Ä¶ https://t.co/6dG7XO0UsD",96,@CBSNews
0.44,Wed Apr 04 10:46:19 +0000 2018,0.0,0.818,0.182,"RT @CBSThisMorning: Good morning, here's a look at what we're working on this morning. https://t.co/F8ROhzsiDS",97,@CBSNews
0.0,Wed Apr 04 10:46:15 +0000 2018,0.0,1.0,0.0,"RT @CBSThisMorning: Today marks *50 years* since Martin Luther King Jr. was assassinated in Memphis, Tennessee. 

https://t.co/eEjy6AWb1A #‚Ä¶",98,@CBSNews
0.0,Wed Apr 04 10:40:01 +0000 2018,0.0,1.0,0.0,A Marine helicopter crashed during a Southern California training mission and all 4 crew members were believed kill‚Ä¶ https://t.co/nn2yjAOzxU,99,@CBSNews
0.34,Thu Apr 05 00:47:24 +0000 2018,0.0,0.854,0.146,The Mueller assurance on Trump means less than it looks | Analysis by @StCollinson https://t.co/srHQB71Ck1 https://t.co/azaIhDlNjH,0,@CNN
-0.501,Thu Apr 05 00:45:00 +0000 2018,0.178,0.822,0.0,How could Trump be so clueless about community colleges? | By Melissa Blake via @CNNOpinion https://t.co/s9bbnYt8jn https://t.co/vA8gaFfesG,1,@CNN
0.0,Thu Apr 05 00:16:03 +0000 2018,0.0,1.0,0.0,A Carl's Jr. employee was quick to act when a woman wounded in the YouTube shooting was helped into the fast-food r‚Ä¶ https://t.co/tU16dnsdMz,2,@CNN
0.178,Thu Apr 05 00:11:03 +0000 2018,0.0,0.922,0.078,Amazon is not the first business to end up in President Trump's crosshairs. Here are 16 other companies the Preside‚Ä¶ https://t.co/xCTtUAghUD,3,@CNN
0.361,Thu Apr 05 00:06:03 +0000 2018,0.0,0.889,0.111,"When an Oklahoma teacher revealed what the chairs in her classroom look like, she didn't imagine it would drive peo‚Ä¶ https://t.co/NgwN6MTC8G",4,@CNN
0.34,Thu Apr 05 00:02:41 +0000 2018,0.0,0.888,0.112,RT @CNNSitRoom: The Department of Homeland Security has confirmed that it has detected evidence of mobile snooping devices around Washingto‚Ä¶,5,@CNN
0.178,Thu Apr 05 00:02:33 +0000 2018,0.148,0.675,0.177,Trump gets testy as his top military brass and national security team warn of the risks of Syria withdrawal‚Ä¶ https://t.co/ZxnitfJHax,6,@CNN
-0.318,Thu Apr 05 00:00:57 +0000 2018,0.099,0.901,0.0,RT @OutFrontCNN: Ex-DHS assistant secretary Juliette Kayyem slams the lack of details in the Trump admin's plan to send National Guard troo‚Ä¶,7,@CNN
0.0,Thu Apr 05 00:00:27 +0000 2018,0.0,1.0,0.0,The Trump administration is expected to sanction several Russian oligarchs with ties to President Vladimir Putin ov‚Ä¶ https://t.co/mResYlob0Q,8,@CNN
0.0,Wed Apr 04 23:58:44 +0000 2018,0.0,1.0,0.0,"The House ethics panel has extended its investigation into whether GOP Rep. John J. Duncan Jr. misused $100,000 fro‚Ä¶ https://t.co/qEvB3yrf7y",9,@CNN
-0.822,Wed Apr 04 23:53:35 +0000 2018,0.323,0.677,0.0,"Sheriff on the fatal wreck after a family's SUV went over a California cliff: ""I'm to the point where I no longer a‚Ä¶ https://t.co/e1OK2O1STa",10,@CNN
0.527,Wed Apr 04 23:40:34 +0000 2018,0.0,0.793,0.207,Liverpool stun Manchester City to take commanding lead in Champions League tie https://t.co/gutj1a7ZMU https://t.co/ybaQUGs83C,11,@CNN
0.0,Wed Apr 04 23:34:50 +0000 2018,0.0,1.0,0.0,"Yolanda Renee King, the eldest granddaughter of the Martin Luther King Jr., said the civil rights icon would recogn‚Ä¶ https://t.co/n4mon6OKN5",12,@CNN
0.103,Wed Apr 04 23:21:05 +0000 2018,0.096,0.792,0.113,The 17 victims of the shooting at Marjory Stoneman Douglas High School will be memorialized in a special issue of t‚Ä¶ https://t.co/urP6BwdTkR,13,@CNN
-0.599,Wed Apr 04 23:13:33 +0000 2018,0.17,0.83,0.0,"On the 50th anniversary of the Rev. Martin Luther King Jr.'s assassination, bells ring 39 times in Memphis, Tenness‚Ä¶ https://t.co/37aXSW45Aw",14,@CNN
0.0,Wed Apr 04 22:52:10 +0000 2018,0.0,1.0,0.0,California Highway Patrol released a photo of Jennifer Hart shopping at a grocery store a day before her family's S‚Ä¶ https://t.co/ehnXBUCslI,15,@CNN
-0.153,Wed Apr 04 22:46:03 +0000 2018,0.102,0.825,0.073,Exclusive: A lawyer who cut deals for a porn star and Playmate over their alleged sexual encounters with Trump says‚Ä¶ https://t.co/cuqv7elN6U,16,@CNN
0.153,Wed Apr 04 22:43:16 +0000 2018,0.0,0.914,0.086,"Rep. Kevin Cramer, the Republican challenging Sen. Heidi Heitkamp this fall in North Dakota, compared voting agains‚Ä¶ https://t.co/yNNWnFOriZ",17,@CNN
-0.494,Wed Apr 04 22:30:15 +0000 2018,0.158,0.842,0.0,"In an hour-long call with reporters, Mark Zuckerberg took full responsibility for Facebook's recent scandals even a‚Ä¶ https://t.co/nDfL6uViF6",18,@CNN
-0.32,Wed Apr 04 22:24:39 +0000 2018,0.155,0.738,0.107,Facebook CEO Mark Zuckerberg says that his company will never be able to fully protect its platform from abuse by b‚Ä¶ https://t.co/fGKKlZxfPk,19,@CNN
-0.202,Wed Apr 04 22:17:27 +0000 2018,0.107,0.825,0.068,"Facing pressure from progressive groups and primary challengers up and down the ballot, New York Gov. Andrew Cuomo‚Ä¶ https://t.co/Cyvw1G1NXp",20,@CNN
0.0,Wed Apr 04 22:06:05 +0000 2018,0.0,1.0,0.0,The weather forecast at this year's Masters golf tournament is likely to be as up and down as the scores‚Ä¶ https://t.co/aMcbFgCspU,21,@CNN
-0.557,Wed Apr 04 22:00:50 +0000 2018,0.184,0.816,0.0,A resolution condemning neo-Nazis and white nationalists has died a second time in the Tennessee legislature this w‚Ä¶ https://t.co/4dNWDzupEY,22,@CNN
0.178,Wed Apr 04 21:52:38 +0000 2018,0.092,0.786,0.122,"Hours after both the United States and China detailed plans for sweeping tariffs, trade groups have warned that a t‚Ä¶ https://t.co/jsmq8XelVt",23,@CNN
0.0,Wed Apr 04 21:38:26 +0000 2018,0.0,1.0,0.0,Scott Pruitt's time is rapidly running out | Analysis by @CillizzaCNN https://t.co/zGnWGz6E0X https://t.co/Z4wXoiDyYl,24,@CNN
0.0,Wed Apr 04 21:32:08 +0000 2018,0.0,1.0,0.0,Roger Stone appeared on the InfoWars radio show the same day he sent an email claiming he dined with WikiLeaks foun‚Ä¶ https://t.co/LHXFFr87d6,25,@CNN
0.422,Wed Apr 04 21:24:13 +0000 2018,0.071,0.714,0.214,"Exclusive: In an unusual step, special counsel Robert Mueller‚Äôs team is questioning Russian oligarchs who traveled‚Ä¶ https://t.co/VS8kWrv0x2",26,@CNN
-0.459,Wed Apr 04 21:22:21 +0000 2018,0.146,0.796,0.058,The head of the US FDA believes that the nation's physicians should undergo mandatory training on pain management a‚Ä¶ https://t.co/ADFRk0JdpS,27,@CNN
0.422,Wed Apr 04 21:03:31 +0000 2018,0.071,0.714,0.214,"Exclusive: In an unusual step, special counsel Robert Mueller‚Äôs team is questioning Russian oligarchs who traveled‚Ä¶ https://t.co/5ydMnqSKDD",28,@CNN
0.0,Wed Apr 04 20:56:50 +0000 2018,0.0,1.0,0.0,"President Trump will sign a proclamation directing agencies to deploy the National Guard to the southwest border, H‚Ä¶ https://t.co/qk6tqx5M7p",29,@CNN
0.0,Wed Apr 04 20:51:59 +0000 2018,0.0,1.0,0.0,"The lawmaker leading Republican efforts to maintain their House majority, Rep. Steve Stivers, is downplaying the po‚Ä¶ https://t.co/pWfzhyu28s",30,@CNN
0.0,Wed Apr 04 20:37:38 +0000 2018,0.0,1.0,0.0,"A US Air Force F-16 jet crashed at Nellis Air Force Base in Nevada, according to a US Air Force official‚Ä¶ https://t.co/SDtk1b4sA3",31,@CNN
-0.346,Wed Apr 04 20:19:10 +0000 2018,0.108,0.892,0.0,President Trump is not OK with the deal EPA Administrator Scott Pruitt received to rent a room in Washington from t‚Ä¶ https://t.co/9P3NWrhsBO,32,@CNN
0.0,Wed Apr 04 20:00:10 +0000 2018,0.0,1.0,0.0,Why Trump's China spat has 2018 consequences https://t.co/dgypSkFk7m https://t.co/MQdk1Q1n1m,33,@CNN
0.0,Wed Apr 04 19:50:07 +0000 2018,0.0,1.0,0.0,A new report from the Government Accountability Office finds that black students are still disciplined at school di‚Ä¶ https://t.co/7v27vu6nB0,34,@CNN
-0.459,Wed Apr 04 19:40:09 +0000 2018,0.19,0.81,0.0,A morning TV producer at a Sinclair-owned station in Nebraska has resigned in protest of what he calls the company'‚Ä¶ https://t.co/KvwVK8JmIy,35,@CNN
0.34,Wed Apr 04 19:36:34 +0000 2018,0.0,0.888,0.112,RT @CNNPolitics: Homeland Security Secretary Kirstjen Nielsen says the White House is asking Congress for additional funding for the border‚Ä¶,36,@CNN
0.44,Wed Apr 04 19:30:05 +0000 2018,0.0,0.868,0.132,"Oklahoma teachers, parents and their supporters are marching 110 miles to the state Capitol to seek more funding fo‚Ä¶ https://t.co/VTUQE4qdb6",37,@CNN
0.0,Wed Apr 04 19:29:01 +0000 2018,0.0,1.0,0.0,"JUST IN: Facebook says Cambridge Analytica, a data firm with ties to President Trump's campaign, may have had infor‚Ä¶ https://t.co/GTHenGy9kD",38,@CNN
0.422,Wed Apr 04 19:20:05 +0000 2018,0.0,0.859,0.141,"Senate Majority Leader Mitch McConnell says he hopes Republicans can keep the majority in the Senate, acknowledging‚Ä¶ https://t.co/Lp43WaTb6i",39,@CNN
0.0,Wed Apr 04 19:16:51 +0000 2018,0.0,1.0,0.0,"The White House is holding a press briefing. Watch CNN: https://t.co/UYpqI3w42L

Watch on Facebook:‚Ä¶ https://t.co/MEIFqKhfwh",40,@CNN
-0.511,Wed Apr 04 19:10:07 +0000 2018,0.13,0.87,0.0,"""The thought, the ideas, the pain just won't go away."" 

For the first time in 50 years, Andrew Young and Jesse Jac‚Ä¶ https://t.co/qHKMNdS2Rw",41,@CNN
0.0,Wed Apr 04 19:00:06 +0000 2018,0.0,1.0,0.0,"Anthony Borges, the last patient from the mass shooting at Marjory Stoneman Douglas High School in Parkland, Florid‚Ä¶ https://t.co/Zv9lTn6dbD",42,@CNN
0.527,Wed Apr 04 18:50:09 +0000 2018,0.0,0.848,0.152,"""If you are speaking on behalf of social justice, then by definition, there's going to be some controversy"": Former‚Ä¶ https://t.co/BtGiLnjFIF",43,@CNN
0.0,Wed Apr 04 18:40:07 +0000 2018,0.0,1.0,0.0,"Planned Parenthood President Cecile Richards says she felt bribed by Ivanka Trump and Jared Kushner, claiming they‚Ä¶ https://t.co/GgkDrn0Mw4",44,@CNN
0.477,Wed Apr 04 18:30:15 +0000 2018,0.0,0.853,0.147,"Director of National Intelligence Dan Coats says ""more things will be done"" to counter Russia's efforts to undermin‚Ä¶ https://t.co/sQM7MhDMu2",45,@CNN
-0.357,Wed Apr 04 18:20:11 +0000 2018,0.115,0.885,0.0,"""Non-violence is the most potent weapon we have to bring about social change"" - Bernice King, daughter of Martin Lu‚Ä¶ https://t.co/yFvQdIr7V8",46,@CNN
-0.599,Wed Apr 04 18:10:05 +0000 2018,0.178,0.822,0.0,US and China have announced actions against imports from each other's businesses. Are we in a trade war yet?‚Ä¶ https://t.co/JosDIp1twI,47,@CNN
0.599,Wed Apr 04 18:00:07 +0000 2018,0.0,0.804,0.196,President Trump will attend a private dinner benefiting pro-Trump super PAC America First Action tonight in Washing‚Ä¶ https://t.co/Zr27U0O5No,48,@CNN
0.494,Wed Apr 04 18:00:04 +0000 2018,0.0,0.873,0.127,"Bernice King, the daughter of Martin Luther King Jr., on how to honor her father on the 50th anniversary of his ass‚Ä¶ https://t.co/i2RMruJVoY",49,@CNN
0.077,Wed Apr 04 17:50:09 +0000 2018,0.0,0.936,0.064,"Ohio Republican Gov. John Kasich says he is ""unlikely"" to challenge President Trump in 2020 as an independent, but‚Ä¶ https://t.co/UtKlHeiJ2r",50,@CNN
0.422,Wed Apr 04 17:44:59 +0000 2018,0.098,0.691,0.211,"RT @CNNnewsroom: The ""announcement that President Trump made certainly undermines the United States' credibility here on the ground"" says @‚Ä¶",51,@CNN
0.0,Wed Apr 04 17:41:05 +0000 2018,0.0,1.0,0.0,These crumbling textbooks show why Oklahoma teachers are walking out https://t.co/1f4YiSRT78 https://t.co/24wDnae2KW,52,@CNN
-0.67,Wed Apr 04 17:32:28 +0000 2018,0.355,0.645,0.0,"The YouTube shooter visited a gun range before the attack, police say https://t.co/qz6biVxaPq",53,@CNN
0.0,Wed Apr 04 17:19:43 +0000 2018,0.0,1.0,0.0,Students have been occupying Howard University's administration building for 7 days now. Demonstrators are drawing‚Ä¶ https://t.co/q1IoFliC3m,54,@CNN
0.0,Wed Apr 04 17:08:08 +0000 2018,0.0,1.0,0.0,"Roger Stone, on the day he sent an email claiming he dined with Julian Assange, also predicted that ‚Äúdevastating‚Äù W‚Ä¶ https://t.co/fJTqCGrTLy",55,@CNN
-0.402,Wed Apr 04 16:56:40 +0000 2018,0.097,0.903,0.0,"""OK, I'm blind... Now let's deal with it"": At 12 years old, Jake Olson found out he was going to go blind. But he d‚Ä¶ https://t.co/VFdtv0manr",56,@CNN
-0.296,Wed Apr 04 16:43:17 +0000 2018,0.104,0.896,0.0,"LIVE NOW: Markets are uncertain. CNNMoney is live from the New York Stock Exchange with a new digital show, ‚ÄúMarket‚Ä¶ https://t.co/8SH6SNxgPn",57,@CNN
0.128,Wed Apr 04 16:30:05 +0000 2018,0.0,0.927,0.073,"Trump's legal team has been told the President is not a target in Mueller's investigation, sources say. But he's mo‚Ä¶ https://t.co/h5NqHZ0cYi",58,@CNN
0.0,Wed Apr 04 16:23:29 +0000 2018,0.0,1.0,0.0,"Read ""I've Been to the Mountaintop,"" the speech Martin Luther King Jr. gave the night before he died‚Ä¶ https://t.co/2B3KpvAJ18",59,@CNN
0.494,Wed Apr 04 16:10:05 +0000 2018,0.0,0.862,0.138,"50 years ago today, Dr. Martin Luther King, Jr. was assassinated. Here are some ways you can honor his legacy.‚Ä¶ https://t.co/FNShjsAPHC",60,@CNN
0.0,Wed Apr 04 16:05:04 +0000 2018,0.0,1.0,0.0,"Watch ‚ÄúMarkets Now"" ‚Äî @CNNMoney's new digital live show from the floor of the New York Stock Exchange ‚Äî today and e‚Ä¶ https://t.co/eAOiWWIdrM",61,@CNN
0.0,Wed Apr 04 16:00:14 +0000 2018,0.0,1.0,0.0,"President Trump says he is willing to keep US troops in Syria in the short-term, but has made it known to his natio‚Ä¶ https://t.co/tXtLCyDKKT",62,@CNN
0.459,Wed Apr 04 15:50:08 +0000 2018,0.0,0.84,0.16,"""Each day, I think we must find a way to dream the dream that he dreamed.""

Rep. John Lewis reflects on what his fr‚Ä¶ https://t.co/wl5mfEeZbm",63,@CNN
0.0,Wed Apr 04 15:46:22 +0000 2018,0.0,1.0,0.0,RT @CNNMoney: UPDATE: Stocks plummet then pull back. The Dow falls about 150 points after tumbling as much as 500 points at the open. https‚Ä¶,64,@CNN
-0.103,Wed Apr 04 15:40:04 +0000 2018,0.076,0.924,0.0,"The brother of the YouTube shooter says he called police to warn that ""she might do something""‚Ä¶ https://t.co/TM3h5bIvvo",65,@CNN
0.402,Wed Apr 04 15:30:03 +0000 2018,0.0,0.838,0.162,Republican Rep. Trey Gowdy says President Trump should meet with special counsel Robert Mueller‚Ä¶ https://t.co/OIIcmlUiVG,66,@CNN
-0.637,Wed Apr 04 15:20:45 +0000 2018,0.235,0.671,0.094,China and the United States appear to be on the brink of a full-blown trade war. And that is terrible news for many‚Ä¶ https://t.co/e6mdvKYXz2,67,@CNN
-0.813,Wed Apr 04 15:11:00 +0000 2018,0.457,0.543,0.0,Anger. Outrage. Disbelief. What women say about the gender pay gap https://t.co/VcqecjF1gt https://t.co/jnwOsRbJ9D,68,@CNN
0.0,Wed Apr 04 14:59:42 +0000 2018,0.0,1.0,0.0,"Watch ‚ÄúMarkets Now"" ‚Äî @CNNMoney's new digital live show from the floor of the New York Stock Exchange ‚Äî today and e‚Ä¶ https://t.co/JQSsQOc0pa",69,@CNN
0.0,Wed Apr 04 14:44:33 +0000 2018,0.0,1.0,0.0,Why trainloads of other people's poo have been rotting in an Alabama town for months https://t.co/1srOHx8rU4 https://t.co/9kSG9TzHxP,70,@CNN
-0.557,Wed Apr 04 14:30:18 +0000 2018,0.146,0.854,0.0,"The speech Martin Luther King Jr. gave the night before he died.

Read the full speech, ""I've Been to the Mountaint‚Ä¶ https://t.co/SEi29RzaVZ",71,@CNN
-0.34,Wed Apr 04 14:21:31 +0000 2018,0.112,0.888,0.0,The woman who opened fire at YouTube headquarters in Northern California may have been a disgruntled user of the vi‚Ä¶ https://t.co/aA39HA2gkR,72,@CNN
0.0,Wed Apr 04 14:18:23 +0000 2018,0.0,1.0,0.0,"Starting today, @richardquest will host Markets Now, a new live show from the New York Stock Exchange ‚Äî every Wedne‚Ä¶ https://t.co/k10KdzCqML",73,@CNN
0.0,Wed Apr 04 14:06:48 +0000 2018,0.0,1.0,0.0,"""We have circled back to where we may have been 50 years ago as far as what's just and right for God's people ‚Äî all‚Ä¶ https://t.co/LuntMLKR3B",74,@CNN
0.0,Wed Apr 04 13:55:12 +0000 2018,0.0,1.0,0.0,"Anthony Borges, the last patient from the mass shooting at Marjory Stoneman Douglas High School in Parkland, Florid‚Ä¶ https://t.co/MaGxRYETlH",75,@CNN
0.0,Wed Apr 04 13:47:49 +0000 2018,0.0,1.0,0.0,"RT @CNNPhotos: As we pause to remember Martin Luther King‚Äôs legacy, here‚Äôs a look back at his defining years: https://t.co/wlVHJrfqt6 https‚Ä¶",76,@CNN
0.0,Wed Apr 04 13:35:32 +0000 2018,0.0,1.0,0.0,RT @CNNMoney: Dow opens down more than 500 points after China announces plans for steep tariffs on dozens of American goods. https://t.co/A‚Ä¶,77,@CNN
-0.599,Wed Apr 04 13:29:17 +0000 2018,0.344,0.552,0.104,President Trump's attacks on Amazon are a problem for your 401(k) https://t.co/dWkyOqx4XI https://t.co/1aDyBdkVTr,78,@CNN
0.527,Wed Apr 04 13:08:26 +0000 2018,0.0,0.848,0.152,"""If you are speaking on behalf of social justice, then by definition, there's going to be some controversy"": Former‚Ä¶ https://t.co/ucq6XycAeo",79,@CNN
-0.361,Wed Apr 04 13:02:00 +0000 2018,0.164,0.746,0.09,How President Trump's policies could worsen the migration issue he says he wants to solve https://t.co/gTLL8RTBLm https://t.co/5MIyfycPC5,80,@CNN
-0.625,Wed Apr 04 12:47:16 +0000 2018,0.17,0.83,0.0,"Marchers are gathering in Washington, DC, for a rally to end racism on the 50th anniversary of Martin Luther King J‚Ä¶ https://t.co/GtrlP29ojK",81,@CNN
0.0,Wed Apr 04 12:31:19 +0000 2018,0.0,1.0,0.0,BREAKING: Facebook CEO Mark Zuckerberg will testify in front of a Congressional panel on April 11‚Ä¶ https://t.co/AziripvFc2,82,@CNN
-0.511,Wed Apr 04 12:27:17 +0000 2018,0.13,0.87,0.0,"""The thought, the ideas, the pain just won't go away."" 

For the first time in 50 years, Andrew Young and Jesse Jac‚Ä¶ https://t.co/7rQWh3nvf3",83,@CNN
-0.34,Wed Apr 04 12:13:56 +0000 2018,0.263,0.593,0.144,Trump is hitting Amazon where it hurts https://t.co/7wAZYt50Sn https://t.co/mln9zCrl5E,84,@CNN
0.0,Wed Apr 04 12:00:13 +0000 2018,0.0,1.0,0.0,Inside NASA's new golden space telescope https://t.co/zVlSWZocvz https://t.co/cEW91YWatM,85,@CNN
-0.599,Wed Apr 04 11:50:07 +0000 2018,0.231,0.769,0.0,"Reflecting on Martin Luther King Jr.'s legacy, 50 years after his death https://t.co/Tq3EIvs8Ix https://t.co/MZOJzUz3nP",86,@CNN
-0.599,Wed Apr 04 11:40:08 +0000 2018,0.344,0.552,0.104,President Trump's attacks on Amazon are a problem for your 401(k) https://t.co/4xfqA1B6d7 https://t.co/UsIPPfooPs,87,@CNN
-0.34,Wed Apr 04 11:30:13 +0000 2018,0.124,0.876,0.0,"As the investigation continues into why a female shooter opened fire at YouTube headquarters, data shows that it's‚Ä¶ https://t.co/d8EXk8WXlg",88,@CNN
0.0,Wed Apr 04 11:20:08 +0000 2018,0.0,1.0,0.0,A Marine Corps helicopter crashed Tuesday in California during a routine training mission and all four crew members‚Ä¶ https://t.co/3A8V6nyrFn,89,@CNN
0.0,Wed Apr 04 11:10:05 +0000 2018,0.0,1.0,0.0,"5 things for Wednesday:

- YouTube shooting
- Tariffs
- Midterm elections
- Oil spill
- Martin Luther King Jr.‚Ä¶ https://t.co/J2UzHdZoHW",90,@CNN
0.0,Wed Apr 04 11:10:05 +0000 2018,0.0,1.0,0.0,"When MLK turned on Vietnam, even liberal 'allies' turned on him | Analysis by @GregJKrieg https://t.co/r9FfXo1yNb https://t.co/6QKOUtRJfP",91,@CNN
-0.796,Wed Apr 04 11:00:04 +0000 2018,0.321,0.679,0.0,A woman who injured three people during a shooting at YouTube headquarters in Northern California before killing he‚Ä¶ https://t.co/TOOFsKl2d5,92,@CNN
0.0,Wed Apr 04 10:50:06 +0000 2018,0.0,1.0,0.0,Why trainloads of other people's poo have been rotting in an Alabama town for months https://t.co/tQJuMR6pn7 https://t.co/dTXInmechh,93,@CNN
0.0,Wed Apr 04 10:43:31 +0000 2018,0.0,1.0,0.0,Dow set to tumble 600 points after China announces new tariffs https://t.co/v4PDA6lfTP https://t.co/6I5cqs0Vyi,94,@CNN
0.064,Wed Apr 04 10:36:36 +0000 2018,0.0,0.941,0.059,"RT @NewDay: Chief legal analyst @JeffreyToobin explains how Trump can be a subject in Mueller's probe but not a target.

A target ""is almos‚Ä¶",95,@CNN
0.402,Wed Apr 04 10:36:27 +0000 2018,0.0,0.863,0.137,Special counsel Robert Mueller has told President Trump's lawyers that the President is not currently being conside‚Ä¶ https://t.co/9a01B7Nczt,96,@CNN
-0.599,Wed Apr 04 10:32:18 +0000 2018,0.245,0.755,0.0,What Martin Luther King Jr.'s death did to civil rights leaders https://t.co/gZ4UfwDS2U https://t.co/M9mZnctINM,97,@CNN
-0.077,Wed Apr 04 10:21:21 +0000 2018,0.091,0.83,0.079,"China plans to impose a 25% tariff on $50 billion worth of US exports, after President Trump said the US would impo‚Ä¶ https://t.co/8aJAB8QTYQ",98,@CNN
0.494,Wed Apr 04 10:08:56 +0000 2018,0.0,0.849,0.151,"50 years ago today, Dr. Martin Luther King, Jr. was assassinated. Here's how you can honor his legacy.‚Ä¶ https://t.co/0aFYkAjyLb",99,@CNN
0.0,Thu Apr 05 00:47:00 +0000 2018,0.0,1.0,0.0,"Paul Scharre on @Google making investments in China: ""Look, at the end of the day, we are in a technology race, and‚Ä¶ https://t.co/N7FgMP1Cva",0,@FoxNews
0.0,Thu Apr 05 00:42:38 +0000 2018,0.0,1.0,0.0,Can @POTUS really send troops to guard US/Mexico border? https://t.co/zvzX00rTpq,1,@FoxNews
-0.557,Thu Apr 05 00:37:38 +0000 2018,0.247,0.753,0.0,Gunshot reportedly fired at pizza delivery driver during 'prank' delivery order https://t.co/Qz3PbjwCyM,2,@FoxNews
0.0,Thu Apr 05 00:34:46 +0000 2018,0.0,1.0,0.0,"David Tafuri on Syria strategy: ""The fundamental reasons why ISIS came in to being are not gone yet. There are stil‚Ä¶ https://t.co/mG5Ybl24T1",3,@FoxNews
-0.594,Thu Apr 05 00:33:52 +0000 2018,0.244,0.756,0.0,"More than a million illegal immigrants scored California driver's licenses, state DMV announces https://t.co/zYXALH2yut",4,@FoxNews
-0.813,Thu Apr 05 00:19:56 +0000 2018,0.387,0.539,0.074,Jury panel filled for Bill Cosby sexual assault retrial as defense claims racism https://t.co/PPiZ11XALC,5,@FoxNews
0.0,Thu Apr 05 00:14:27 +0000 2018,0.0,1.0,0.0,"Tony Finau injures ankle, pops it back into place at Masters Par-3 contest https://t.co/YK8pyCzy2G",6,@FoxNews
0.572,Thu Apr 05 00:07:43 +0000 2018,0.0,0.829,0.171,"Rev Robert Hagan, Villanova Associate Athletic Director on team‚Äôs secret to success: ‚ÄúWhat they really have is toge‚Ä¶ https://t.co/L3FUtqvcYh",7,@FoxNews
-0.802,Thu Apr 05 00:07:41 +0000 2018,0.507,0.493,0.0,4 Marines killed in helicopter crash near US-Mexico border https://t.co/wIvz6tcxLn,8,@FoxNews
0.0,Thu Apr 05 00:03:13 +0000 2018,0.0,1.0,0.0,"Jeremy Hunt: ‚ÄúI do think that there are still major issues with race in our country today, and it would behoove us‚Ä¶ https://t.co/yB5KH30FmN",9,@FoxNews
-0.296,Wed Apr 04 23:48:26 +0000 2018,0.144,0.856,0.0,WATCH: @edhenry sits down with EPA Chief Scott Pruitt to discuss controversial pay raise for two of his staff membe‚Ä¶ https://t.co/YxvjCye7BW,10,@FoxNews
-0.226,Wed Apr 04 23:41:21 +0000 2018,0.091,0.909,0.0,"RT @FoxNewsResearch: Every president since Ronald Reagan has called on the National Guard for limited, temporary missions along the souther‚Ä¶",11,@FoxNews
-0.625,Wed Apr 04 23:32:42 +0000 2018,0.215,0.785,0.0,".@JonathanTurley: ‚ÄúIf they‚Äôre waiting for a constitutional crisis, there‚Äôs very few objective signs that that‚Äôs goi‚Ä¶ https://t.co/uugfGcWadQ",12,@FoxNews
0.509,Wed Apr 04 23:18:29 +0000 2018,0.0,0.852,0.148,".@GovMikeHuckabee: ‚Äú@POTUS needs to have his most compassion for the citizens of this country, and those are the on‚Ä¶ https://t.co/AsevJmn5fn",13,@FoxNews
0.0,Wed Apr 04 23:13:27 +0000 2018,0.0,1.0,0.0,".@GovMikeHuckabee: ‚ÄúWe have borders. Every country has borders. I travel a lot internationally, Martha. I never go‚Ä¶ https://t.co/eaeImtJWrh",14,@FoxNews
0.0,Wed Apr 04 23:05:33 +0000 2018,0.0,1.0,0.0,JUST IN: @POTUS signs proclamation sending National Guard to Mexico border immediately https://t.co/q0sAjdXgtw,15,@FoxNews
0.0,Wed Apr 04 23:00:59 +0000 2018,0.0,1.0,0.0,".@TheKingCenter holds a bell-ringing ceremony to remember Dr. Martin Luther King, Jr. 50 years after his assassinat‚Ä¶ https://t.co/VyYJK16f8O",16,@FoxNews
-0.402,Wed Apr 04 22:59:39 +0000 2018,0.153,0.847,0.0,".@MZHemingway on Syria strategy: ""Not every problem in the Middle East is our problem."" #SpecialReport https://t.co/ChLLea00YS",17,@FoxNews
0.0,Wed Apr 04 22:54:40 +0000 2018,0.0,1.0,0.0,"BREAKING: US to sanction Russian business leaders under law targeting alleged election-meddling, official says https://t.co/AVxVmM86pX",18,@FoxNews
0.0,Wed Apr 04 22:52:52 +0000 2018,0.0,1.0,0.0,.@POTUS to sign proclamation sending National Guard to the border immediately. @johnrobertsFox has the story.‚Ä¶ https://t.co/VeiDFMdfpB,19,@FoxNews
0.68,Wed Apr 04 22:51:36 +0000 2018,0.0,0.763,0.237,"Steve Hayes on China tariffs: ""The Chinese were smart and strategic about how they retaliated. It's very clear that‚Ä¶ https://t.co/F4v9Get6ud",20,@FoxNews
0.791,Wed Apr 04 22:43:18 +0000 2018,0.0,0.68,0.32,Credit companies say credit card transactions are safer now that cards have chips. David Lee Miller has the story.‚Ä¶ https://t.co/zns8z4KpGQ,21,@FoxNews
0.103,Wed Apr 04 22:35:16 +0000 2018,0.159,0.652,0.188,.@Patriots wide receiver Julian Edelman helps stop potential school shooting https://t.co/bQgUh3f53i,22,@FoxNews
0.0,Wed Apr 04 22:28:27 +0000 2018,0.0,1.0,0.0,.@chipgaines and @joannagaines say tearful goodbye to 'Fixer Upper' as finale airs https://t.co/2iKIs4N26D,23,@FoxNews
-0.318,Wed Apr 04 22:13:18 +0000 2018,0.145,0.788,0.067,Photo of fiery bubble that stretches 65 feet in the air stuns the internet https://t.co/pGMfnEkdxU,24,@FoxNews
0.0,Wed Apr 04 22:00:12 +0000 2018,0.0,1.0,0.0,".@TheJuanWilliams on Facebook, Cambridge Analytica: ‚ÄúWhy has Facebook been so reticent in coming forward, and telli‚Ä¶ https://t.co/0RFVEbJuST",25,@FoxNews
0.0,Wed Apr 04 21:58:54 +0000 2018,0.0,1.0,0.0,"Obama State Dept used taxpayer dollars to fund George Soros group's political activities in Albania, watchdog group‚Ä¶ https://t.co/kbTyiefNFh",26,@FoxNews
0.0,Wed Apr 04 21:55:27 +0000 2018,0.0,1.0,0.0,OPINION: @POTUS has every right to defend our border and not give in to migrant group's demands  https://t.co/TO9lrKgiZZ,27,@FoxNews
-0.542,Wed Apr 04 21:52:26 +0000 2018,0.31,0.69,0.0,Facebook says up to 87M users affected in Cambridge Analytica scandal https://t.co/9XWvvS5pCt,28,@FoxNews
0.202,Wed Apr 04 21:45:08 +0000 2018,0.0,0.878,0.122,"Student, 17, gets full ride to all 20 top colleges where he applied https://t.co/YT00gtokRj",29,@FoxNews
0.7,Wed Apr 04 21:29:31 +0000 2018,0.0,0.608,0.392,MLK honored as thousands march to 'keep the dream going' https://t.co/vTVgKuhAe0,30,@FoxNews
0.7,Wed Apr 04 21:19:40 +0000 2018,0.0,0.746,0.254,.@kimguilfoyle: ‚Äú@POTUS‚Äô going to do whatever it takes to honor his promises. This is something that he‚Äôs actually‚Ä¶ https://t.co/bxT0F4DcCy,31,@FoxNews
0.422,Wed Apr 04 21:10:34 +0000 2018,0.0,0.843,0.157,".@JesseBWatters: ‚Äú[@POTUS is] defending workers‚Äô wages, he‚Äôs defending our safety, he‚Äôs defending the territorial i‚Ä¶ https://t.co/9pnVjug5Zz",32,@FoxNews
0.0,Wed Apr 04 21:10:00 +0000 2018,0.0,1.0,0.0,RT @FoxBusiness: .@amazon said to weigh bid for firm in talks with @Walmart   https://t.co/nZMewnSkbg,33,@FoxNews
0.0,Wed Apr 04 20:58:54 +0000 2018,0.0,1.0,0.0,"Rudy, Judith Giuliani to divorce after 15 years of marriage https://t.co/6NqqfOCoal",34,@FoxNews
-0.402,Wed Apr 04 20:47:40 +0000 2018,0.162,0.838,0.0,"OPINION: Hold onto your sodas! When politicians are looking for money, nothing is safe https://t.co/r9EkXW93HL",35,@FoxNews
0.802,Wed Apr 04 20:44:53 +0000 2018,0.0,0.66,0.34,"Border Agent: 'We Lock Our Doors Because We Love People Inside, Don't Hate Those Outside' https://t.co/LoDJQDngcs",36,@FoxNews
0.0,Wed Apr 04 20:32:00 +0000 2018,0.0,1.0,0.0,"Earlier today, @VP Mike Pence reflected on Dr. Martin Luther King's mission on the fiftieth anniversary of the Civi‚Ä¶ https://t.co/e3WeMgBARm",37,@FoxNews
0.0,Wed Apr 04 20:25:47 +0000 2018,0.0,1.0,0.0,".@LisaMarieBoothe: Anything President @realDonaldTrump Does on Immigration Will Trigger 'Massive Uproar' From Left,‚Ä¶ https://t.co/8myLt01csD",38,@FoxNews
-0.382,Wed Apr 04 20:12:47 +0000 2018,0.12,0.88,0.0,".@PressSec: ""The president has maintained all along that our focus has been on defeating ISIS. There we've made sig‚Ä¶ https://t.co/h39YuNKRZR",39,@FoxNews
0.318,Wed Apr 04 20:10:03 +0000 2018,0.0,0.905,0.095,"RT @FoxBusiness: AT THE CLOSE: Stocks staged a huge comeback, with the Dow Jones Industrial Average, S&amp;P 500, and Nasdaq all closing the da‚Ä¶",40,@FoxNews
0.0,Wed Apr 04 20:09:59 +0000 2018,0.0,1.0,0.0,"BREAKING: F-16 jet crashes at Nellis Air Force Base outside Las Vegas, officials say  https://t.co/JOYsig3BJT",41,@FoxNews
0.422,Wed Apr 04 20:09:08 +0000 2018,0.0,0.872,0.128,"""These prophetic words were from a man who found his identity and his purpose through his faith and selflessly led‚Ä¶ https://t.co/vRlU2g8568",42,@FoxNews
-0.144,Wed Apr 04 20:07:17 +0000 2018,0.1,0.827,0.073,".@PressSec on on China tariffs: ""China created this problem, not President Trump, but we finally actually have a pr‚Ä¶ https://t.co/ECuw7XDXmx",43,@FoxNews
0.0,Wed Apr 04 20:03:03 +0000 2018,0.0,1.0,0.0,".@PressSec on DACA: ""You should be asking Senate Democrats and members of the House...why they aren't willing to ac‚Ä¶ https://t.co/kZr1guFtHS",44,@FoxNews
0.225,Wed Apr 04 19:56:34 +0000 2018,0.127,0.674,0.198,".@SecNielsen: ""The president is frustrated. He has been very clear that he wants to secure our border. He's been ve‚Ä¶ https://t.co/nG0flMtYUf",45,@FoxNews
0.0,Wed Apr 04 19:51:19 +0000 2018,0.0,1.0,0.0,".@SecNielsen on planned border wall: ""To us it's all new wall. If there was a wall before that needs to be replaced‚Ä¶ https://t.co/LfTaMtSjdn",46,@FoxNews
0.0,Wed Apr 04 19:47:30 +0000 2018,0.0,1.0,0.0,The #Trump administration announced Wednesday that @POTUS will sign a proclamation to send the @USNationalGuard to‚Ä¶ https://t.co/8w3nEwyi4H,47,@FoxNews
0.67,Wed Apr 04 19:46:47 +0000 2018,0.0,0.593,0.407,".@SecNielsen: ""Let me be clear: We are a welcoming nation."" https://t.co/afFwmwAt4j",48,@FoxNews
0.34,Wed Apr 04 19:44:35 +0000 2018,0.0,0.87,0.13,"Kelli Ward on Visit to AZ Ranch: 'DC Insiders' Claim Border Is Secure, But It's Not https://t.co/Fbkezhjw0n",49,@FoxNews
0.0,Wed Apr 04 19:43:17 +0000 2018,0.0,1.0,0.0,BREAKING: #Trump to sign proclamation sending @USNationalGuard to the border immediately https://t.co/uCwUZoZD2b,50,@FoxNews
-0.542,Wed Apr 04 19:39:18 +0000 2018,0.189,0.811,0.0,".@SecNielsen: ""More than a thousand people a day, 300,000 a year, violating our sovereignty as a nation will never‚Ä¶ https://t.co/aHhkmQIVqS",51,@FoxNews
-0.226,Wed Apr 04 19:33:31 +0000 2018,0.115,0.813,0.072,".@SecNielsen: ""The traffickers and smugglers know that if you arrive with a family, under our current legal and cou‚Ä¶ https://t.co/R5UQkil1x0",52,@FoxNews
-0.273,Wed Apr 04 19:28:50 +0000 2018,0.207,0.651,0.142,".@SecNielsen: ""Our current border security and immigration laws fail the American people."" https://t.co/GNVtoEnBX7",53,@FoxNews
-0.25,Wed Apr 04 19:23:28 +0000 2018,0.266,0.547,0.187,".@SecNielsen on border security: ""The threat is real."" https://t.co/JY0mRjxG1n",54,@FoxNews
-0.402,Wed Apr 04 19:22:48 +0000 2018,0.164,0.765,0.071,".@SecNielsen: ""Despite a number of steps that this administration has taken...we continue to see unacceptable level‚Ä¶ https://t.co/3SBrTts3HU",55,@FoxNews
0.586,Wed Apr 04 19:19:44 +0000 2018,0.0,0.652,0.348,".@SecNielsen: ""Border security is homeland security which is national security."" https://t.co/mgVZRX7lhj",56,@FoxNews
0.0,Wed Apr 04 19:13:03 +0000 2018,0.0,1.0,0.0,.@PressSec Sarah Sanders holds a @WhiteHouse briefing https://t.co/vyKZiTBzRd,57,@FoxNews
-0.718,Wed Apr 04 19:10:31 +0000 2018,0.353,0.647,0.0,'Zombie' raccoons are terrifying Ohio residents in broad daylight with odd behavior https://t.co/VVoh1lu6rs,58,@FoxNews
0.0,Wed Apr 04 19:01:34 +0000 2018,0.0,1.0,0.0,SOON: @PressSec to hold briefing at the White House. https://t.co/plJFKt6Ezg,59,@FoxNews
0.0,Wed Apr 04 18:58:47 +0000 2018,0.0,1.0,0.0,RT @FoxBusiness: Facebook data breach tip of iceberg: Missouri attorney general https://t.co/GjbLNbL4Ed,60,@FoxNews
0.026,Wed Apr 04 18:55:32 +0000 2018,0.142,0.71,0.148,".@POTUS, @GOPLeader considering cuts to already passed budget to calm conservative backlash https://t.co/KvptCq9oBy",61,@FoxNews
0.0,Wed Apr 04 18:53:25 +0000 2018,0.0,1.0,0.0,.@LukeMesserIN and @ToddRokita will face off for the Senate nomination in Indiana. @pdoocy has the story from India‚Ä¶ https://t.co/GkrTkNJgXl,62,@FoxNews
0.0,Wed Apr 04 18:52:20 +0000 2018,0.0,1.0,0.0,"In a presidential proclamation, President @realDonaldTrump called for ""all Americans to do their part to make Dr. K‚Ä¶ https://t.co/eLNLGEDJeA",63,@FoxNews
0.0,Wed Apr 04 18:45:02 +0000 2018,0.0,1.0,0.0,"On @foxandfriends, Dr. @AlvedaCKing reflected on the legacy of her uncle, Dr. Martin Luther King Jr., on the fiftie‚Ä¶ https://t.co/xZX69RDVN7",64,@FoxNews
0.026,Wed Apr 04 18:40:43 +0000 2018,0.114,0.762,0.124,OPINION: @POTUS is right to want to leave Syria https://t.co/UBe4JuBn5u,65,@FoxNews
-0.883,Wed Apr 04 18:35:24 +0000 2018,0.563,0.437,0.0,"Town Near Chicago Votes to Ban Assault Weapons, High-Capacity Magazines https://t.co/uVmNuv81HD",66,@FoxNews
0.382,Wed Apr 04 18:32:04 +0000 2018,0.0,0.88,0.12,".@mschlapp on Texas Senate race: ""There is not one single fundamental dynamic in Texas that points to a @tedcruz lo‚Ä¶ https://t.co/6aQqnEmXFk",67,@FoxNews
-0.178,Wed Apr 04 18:21:30 +0000 2018,0.101,0.829,0.069,"Exclusive: Embattled EPA Administrator Scott Pruitt fires back at critics, tells Fox News he just found out about c‚Ä¶ https://t.co/3mJQlbaLZd",68,@FoxNews
0.511,Wed Apr 04 18:13:26 +0000 2018,0.0,0.798,0.202,Memphis honors Martin Luther King 50 years after he was assassinated (via @jonathanserrie) https://t.co/RQWTHo3GQA,69,@FoxNews
0.026,Wed Apr 04 18:11:11 +0000 2018,0.088,0.818,0.094,".@EPAScottPruitt pushes back on pay raise, condo controversy in Fox exclusive with @edhenry https://t.co/zGKS2NOXtV https://t.co/IHxOwBCf0V",70,@FoxNews
0.501,Wed Apr 04 18:03:42 +0000 2018,0.0,0.779,0.221,Michael Goodwin: Migrant ‚Äòcaravan‚Äô gives Trump an opportunity to prove he‚Äôs not wavering on the wall https://t.co/95b2A8SBw1,71,@FoxNews
0.0,Wed Apr 04 17:55:33 +0000 2018,0.0,1.0,0.0,".@Zac_Petkanas: ""Most undocumented immigrants don't actually come over the Southern border. They come through ports‚Ä¶ https://t.co/u9KGowK5Du",72,@FoxNews
0.0,Wed Apr 04 17:47:42 +0000 2018,0.0,1.0,0.0,".@cvpayne: ""I believe Wall Street is trying to send the administration a message - 'Hey, don't rock the boat, the s‚Ä¶ https://t.co/XnFMuby4vB",73,@FoxNews
-0.296,Wed Apr 04 17:43:16 +0000 2018,0.109,0.891,0.0,RT @FoxBusiness: #BreakingNews: @FoxBusiness has learned that Congress is discussing cuts to the $1.3 trillion spending bill ‚Äî via @Ajshaps‚Ä¶,74,@FoxNews
-0.226,Wed Apr 04 17:37:01 +0000 2018,0.112,0.888,0.0,"Woman discovers via https://t.co/3WHuztEBHF that her biological father was her parents' fertility doctor, lawsuit s‚Ä¶ https://t.co/P7aqic8oP8",75,@FoxNews
-0.296,Wed Apr 04 17:30:00 +0000 2018,0.18,0.82,0.0,Sketch of burglary suspect draws 'hilarious' attention online (via @travfed)  https://t.co/hUTcatop1F,76,@FoxNews
0.153,Wed Apr 04 17:27:05 +0000 2018,0.0,0.89,0.11,Baby poses in her late father's military uniform in emotional photos (via @JaninePuhak) https://t.co/hwqqPmzq1Z,77,@FoxNews
0.417,Wed Apr 04 17:25:43 +0000 2018,0.0,0.852,0.148,Mueller's team tells President @realDonaldTrump's attorneys he's not a criminal target in the Russia probe at this‚Ä¶ https://t.co/fxlI75o7tS,78,@FoxNews
-0.649,Wed Apr 04 17:22:25 +0000 2018,0.227,0.773,0.0,"Art Del Cueto, National Border Patrol Council: ""There's no reason to attack our president. He's doing the right thi‚Ä¶ https://t.co/Km0yJJaC2Z",79,@FoxNews
0.0,Wed Apr 04 17:11:39 +0000 2018,0.0,1.0,0.0,Chip and Joanna Gaines say tearful goodbye to 'Fixer Upper' as finale airs https://t.co/5vLl6DjlVv,80,@FoxNews
0.402,Wed Apr 04 17:02:45 +0000 2018,0.0,0.69,0.31,Current U.S. military support to border. https://t.co/tXuBzPJTA5,81,@FoxNews
0.827,Wed Apr 04 17:00:52 +0000 2018,0.0,0.609,0.391,"'Roseanne' earns praise from Larry King for 'great political balance,' take on Trump https://t.co/FrtZPPliV0",82,@FoxNews
-0.494,Wed Apr 04 16:46:14 +0000 2018,0.167,0.833,0.0,"Couple busted for allegedly running brothel out of home, with kids inside, to fund heroin addiction https://t.co/Nsnoq974ek",83,@FoxNews
0.0,Wed Apr 04 16:30:00 +0000 2018,0.0,1.0,0.0,.@HUDgov @SecretaryCarson reflected on Dr. Martin Luther King's mission on the fiftieth anniversary of the Civil Ri‚Ä¶ https://t.co/EAGAkwbOVx,84,@FoxNews
-0.599,Wed Apr 04 16:29:59 +0000 2018,0.17,0.83,0.0,".@NancyPelosi reflected on Dr. Martin Luther King Jr., on the fiftieth anniversary of his death, and said the legac‚Ä¶ https://t.co/6PLcACcQrI",85,@FoxNews
0.0,Wed Apr 04 16:24:11 +0000 2018,0.0,1.0,0.0,Attendees are seen during a silent march and rally on the National Mall to mark the 50th anniversary of the assassi‚Ä¶ https://t.co/0bTYHLuwRV,86,@FoxNews
0.0,Wed Apr 04 16:22:58 +0000 2018,0.0,1.0,0.0,".@jasoninthehouse: ""Since 2016, there are more than 100,000 unaccompanied children that have come across the border‚Ä¶ https://t.co/1z1h2dBS2X",87,@FoxNews
0.791,Wed Apr 04 16:12:13 +0000 2018,0.0,0.611,0.389,"'Roseanne' revival wins in the ratings, holds strong in its second week https://t.co/BFCwfKUEuH",88,@FoxNews
0.34,Wed Apr 04 16:10:30 +0000 2018,0.0,0.862,0.138,".@LisaMarieBoothe: ""If I was @POTUS... I certainly wouldn't talk to Robert Mueller and his team unless I absolutely‚Ä¶ https://t.co/oYkxCFPuag",89,@FoxNews
0.224,Wed Apr 04 16:08:16 +0000 2018,0.0,0.854,0.146,Judge receives $11G raise despite missing over 200 days of work https://t.co/gHeaQbfKlH,90,@FoxNews
0.447,Wed Apr 04 15:57:00 +0000 2018,0.0,0.754,0.246,NEWS ALERT: Awaiting police briefing on @YouTube HQ shooting. https://t.co/yPjoSMl34R,91,@FoxNews
-0.691,Wed Apr 04 15:49:37 +0000 2018,0.363,0.637,0.0,"Teen bites chicken's head off, charged with animal cruelty, police say https://t.co/P1J8UR3AoK",92,@FoxNews
0.0,Wed Apr 04 15:40:38 +0000 2018,0.0,1.0,0.0,"In a presidential proclamation, President @realDonaldTrump called for ""all Americans to do their part to make Dr. K‚Ä¶ https://t.co/P3fUC6NOVi",93,@FoxNews
0.0,Wed Apr 04 15:36:00 +0000 2018,0.0,1.0,0.0,"Facebook hits Russia's Internet Research Agency, removes hundreds of accounts and pages https://t.co/AnAgdfuUZ4 (via @christocarbone)",94,@FoxNews
0.026,Wed Apr 04 15:28:12 +0000 2018,0.0,0.901,0.099,Trump orders military to begin withdrawal of troops from Syria https://t.co/SNl7wIXWpl,95,@FoxNews
0.0,Wed Apr 04 15:18:30 +0000 2018,0.0,1.0,0.0,BREAKING NEWS: @WhiteHouse: We will continue to consult with our allies on plans in Syria. https://t.co/AjRxECSrgh,96,@FoxNews
-0.026,Wed Apr 04 15:15:41 +0000 2018,0.144,0.718,0.138,Facebook apologizes for blocking Catholic university's ad of Jesus on the cross (via @calebparke) https://t.co/27cuezyNhZ,97,@FoxNews
0.34,Wed Apr 04 15:11:50 +0000 2018,0.0,0.854,0.146,President @realDonaldTrump: Military will secure southern border until wall can be built; @JenGriffinFNC reports. https://t.co/om5ZbNL61W,98,@FoxNews
-0.128,Wed Apr 04 15:00:16 +0000 2018,0.297,0.425,0.278,".@robertjeffress: ""The problem with creating an imaginary problem like 'Christian privilege' is it often provokes a‚Ä¶ https://t.co/7jj6mqaEkD",99,@FoxNews
0.0,Thu Apr 05 00:48:06 +0000 2018,0.0,1.0,0.0,"Without Amazon‚Äôs business, the financial picture at the Postal Service would most likely be bleaker, many analysts‚Ä¶ https://t.co/55C6VjXU0m",0,@NYTimes
-0.34,Thu Apr 05 00:38:06 +0000 2018,0.112,0.888,0.0,"‚ÄúI‚Äôm going to shoot my school up watch the news,‚Äù a 14-year-old boy commented on one of Julian Edelman's Instagram‚Ä¶ https://t.co/gppe8TlVnd",1,@NYTimes
-0.44,Thu Apr 05 00:28:05 +0000 2018,0.139,0.861,0.0,RT @nickconfessore: Facebook and the Cambridge Analytica Scandal: We've collected and narrated our @nytimes coverage in this reader guide.‚Ä¶,2,@NYTimes
0.0,Thu Apr 05 00:18:05 +0000 2018,0.0,1.0,0.0,"The ""caravan"" story was the kind of story destined to take a dark turn through the conservative news media and grab‚Ä¶ https://t.co/Cy6q2dtQD9",3,@NYTimes
0.459,Thu Apr 05 00:08:03 +0000 2018,0.0,0.864,0.136,"‚ÄúI‚Äôm glad that I‚Äôm equal‚Äù: 6 Memphis students reflect on how Dr. Martin Luther King., Jr‚Äôs legacy shapes their own‚Ä¶ https://t.co/8nE2R61Lul",4,@NYTimes
-0.784,Wed Apr 04 23:58:08 +0000 2018,0.266,0.734,0.0,Police shot and killed a man in Brooklyn after they responded to 911 calls about a man pointing a gun at people and‚Ä¶ https://t.co/CLI4KM0UJW,5,@NYTimes
-0.44,Wed Apr 04 23:47:29 +0000 2018,0.132,0.868,0.0,"RT @melbournecoal: NEW: David Smith, the chairman of Sinclair, responds to criticism about his company, defends ""must-runs"" and likens them‚Ä¶",6,@NYTimes
0.077,Wed Apr 04 23:38:06 +0000 2018,0.118,0.717,0.165,"RT @NYTSports: Tiger Woods is back at the Masters after an absence that included immense pain and a spinal fusion operation. ""Thank God the‚Ä¶",7,@NYTimes
0.0,Wed Apr 04 23:29:53 +0000 2018,0.0,1.0,0.0,"George Nader has connections to both the Persian Gulf states and Russia, and may have information that links 2 impo‚Ä¶ https://t.co/Q8DRKwxUd9",8,@NYTimes
-0.459,Wed Apr 04 23:27:08 +0000 2018,0.103,0.897,0.0,"RT @jestei: Asked if she Is the leader of the resistance, Sally Yates says she is troubled by some of the acts of the adminststion and spea‚Ä¶",9,@NYTimes
0.422,Wed Apr 04 23:26:40 +0000 2018,0.0,0.865,0.135,"George Nader, an adviser to the United Arab Emirates who is cooperating in the Mueller investigation, has previousl‚Ä¶ https://t.co/Vz1DKujd8I",10,@NYTimes
0.0,Wed Apr 04 23:21:50 +0000 2018,0.0,1.0,0.0,"Watch live: Sally Yates, the former acting attorney general who was dismissed by President Trump last year, is spea‚Ä¶ https://t.co/2noWH8aipv",11,@NYTimes
0.202,Wed Apr 04 23:18:05 +0000 2018,0.0,0.927,0.073,"RT @nytimesworld: Boracay in the Philippines has been one of the world's top tourism hot spots over the past decade. Now, the president say‚Ä¶",12,@NYTimes
-0.813,Wed Apr 04 23:08:02 +0000 2018,0.331,0.669,0.0,The jury that will hear Bill Cosby‚Äôs retrial on sexual assault charges has been picked after a major disagreement o‚Ä¶ https://t.co/c5scFIQaHe,13,@NYTimes
0.103,Wed Apr 04 22:58:36 +0000 2018,0.0,0.928,0.072,"Two women who reached settlements with Bill O'Reilly were required to turn over all evidence, including audio recor‚Ä¶ https://t.co/V6yGxESnJC",14,@NYTimes
0.103,Wed Apr 04 22:58:05 +0000 2018,0.0,0.935,0.065,"Paul Ryan still projects power in D.C. But back home in WIsconsin, he's facing political challengers on the right a‚Ä¶ https://t.co/3i9gDoF5cK",15,@NYTimes
-0.382,Wed Apr 04 22:44:04 +0000 2018,0.146,0.854,0.0,Former Fox News host Bill O'Reilly and his lawyers worked hard to keep quiet the women who accused him of sexual ha‚Ä¶ https://t.co/D8NDa5lsAl,16,@NYTimes
0.0,Wed Apr 04 22:38:02 +0000 2018,0.0,1.0,0.0,Evening Briefing: Here's what you need to know at the end of your day https://t.co/X9J22zpxes,17,@NYTimes
-0.361,Wed Apr 04 22:28:03 +0000 2018,0.179,0.726,0.095,Scott Pruitt faces a growing list of potential ethics scandals. Let @NYTClimate catch you up: https://t.co/oKmZyGMG3B,18,@NYTimes
0.402,Wed Apr 04 22:18:02 +0000 2018,0.0,0.87,0.13,A family in California whose son was permanently scarred by bedbug bites was awarded nearly $1.6 million by a jury https://t.co/k5lrfDzO5v,19,@NYTimes
0.0,Wed Apr 04 22:08:01 +0000 2018,0.0,1.0,0.0,Take extra caution with obscure tech brands. Take a pause and do some research. https://t.co/JfpCDK5jvu,20,@NYTimes
0.0,Wed Apr 04 21:58:04 +0000 2018,0.0,1.0,0.0,The yearbook staff at Marjory Stoneman Douglas High School knew they'd have to memorialize the shooting in their ye‚Ä¶ https://t.co/SdnnzkHIur,21,@NYTimes
0.0,Wed Apr 04 21:48:04 +0000 2018,0.0,1.0,0.0,‚ÄúWe believe that Google should not be in the business of war.‚Äù Thousands of Google employees have signed a letter p‚Ä¶ https://t.co/8uuA3UwzEk,22,@NYTimes
0.026,Wed Apr 04 21:38:07 +0000 2018,0.142,0.711,0.147,"Evan Rachel Wood has turned her trauma into good. On ""Westworld"" and in life. https://t.co/Tf6C7q6jg4 https://t.co/Pcaa1SuHUh",23,@NYTimes
-0.459,Wed Apr 04 21:28:05 +0000 2018,0.2,0.8,0.0,A group suing Harvard over discrimination is demanding the release of hundreds of thousands of admissions files. Ha‚Ä¶ https://t.co/Mm6N6q2Eyv,24,@NYTimes
-0.599,Wed Apr 04 21:18:05 +0000 2018,0.163,0.837,0.0,We asked NYT readers how they reacted to the news of Martin Luther King Jr.'s death. Here are their memories. https://t.co/UEOdbdCp7p,25,@NYTimes
-0.784,Wed Apr 04 21:08:05 +0000 2018,0.257,0.743,0.0,"Nearly 10 months after the fire in London‚Äôs Grenfell Tower rise that killed at least 71 people, many of the familie‚Ä¶ https://t.co/nWtAARpKT1",26,@NYTimes
0.0,Wed Apr 04 20:58:05 +0000 2018,0.0,1.0,0.0,RT @SamSifton: I think you'll cook this a couple times a month for the next year or so.  https://t.co/VXiS3KdZXu,27,@NYTimes
-0.44,Wed Apr 04 20:50:26 +0000 2018,0.209,0.791,0.0,Cambridge Analytica and Facebook: The scandal and the fallout so far https://t.co/LFBLjFxUJ9,28,@NYTimes
-0.459,Wed Apr 04 20:40:07 +0000 2018,0.2,0.8,0.0,"What we know about Nasim Aghdam, the woman who attacked YouTube's headquarters https://t.co/jtIft9kGwg",29,@NYTimes
0.0,Wed Apr 04 20:30:05 +0000 2018,0.0,1.0,0.0,RT @alanblinder: The stirring images of Memphis on Wednesday's front page? @mirandarbarnes made them with film. https://t.co/7yu0yBimhB htt‚Ä¶,30,@NYTimes
0.0,Wed Apr 04 20:20:04 +0000 2018,0.0,1.0,0.0,President Trump will issue a proclamation directing National Guard troops to the border to assist in combating ille‚Ä¶ https://t.co/vQgujjVv4H,31,@NYTimes
0.502,Wed Apr 04 20:10:05 +0000 2018,0.087,0.715,0.198,RT @nytopinion: Jesse Jackson: It‚Äôs not enough to admire Martin Luther King. Those who value justice and equality must have the will and co‚Ä¶,32,@NYTimes
-0.751,Wed Apr 04 20:00:23 +0000 2018,0.252,0.748,0.0,Donald Trump has a long history of attacking businesses. But his tweets now carry with them the threat that he's pr‚Ä¶ https://t.co/hngBB7VOtX,33,@NYTimes
0.0,Wed Apr 04 19:50:06 +0000 2018,0.0,1.0,0.0,"Black students continue to be disciplined at school more often and more harshly than their white peers, the Governm‚Ä¶ https://t.co/qL08z0umo9",34,@NYTimes
0.494,Wed Apr 04 19:40:10 +0000 2018,0.0,0.868,0.132,"‚ÄúWe have to do this,‚Äù one woman recalled telling the other about coming forward. ‚ÄúGet your courage up. We‚Äôre just g‚Ä¶ https://t.co/ElQm0qiZFa",35,@NYTimes
0.0,Wed Apr 04 19:31:25 +0000 2018,0.0,1.0,0.0,Breaking News: Facebook raised its estimate of how many peoples‚Äô data was improperly used by a consulting firm tied‚Ä¶ https://t.co/TuvHTsrw9Z,36,@NYTimes
0.569,Wed Apr 04 19:30:08 +0000 2018,0.0,0.822,0.178,"RT @NYTmag: This week's cover: On a Montana reservation, basketball is about much more than winning. @abestreep reports https://t.co/EIAA5I‚Ä¶",37,@NYTimes
0.128,Wed Apr 04 19:20:04 +0000 2018,0.109,0.758,0.133,Here's what you need to know about the escalating trade conflict between the United States and China https://t.co/wRj7c6uiaE,38,@NYTimes
0.0,Wed Apr 04 19:10:07 +0000 2018,0.0,1.0,0.0,"RT @tackettdc: ""Black students continue to be disciplined at school more often&amp; more harshly than their white peers, often for similar infr‚Ä¶",39,@NYTimes
0.0,Wed Apr 04 19:00:07 +0000 2018,0.0,1.0,0.0,"In Opinion

Op-Ed contributor David Margolick writes about the power of Bobby Kennedy‚Äôs eulogy for Martin Luther Ki‚Ä¶ https://t.co/J57TLy3MuP",40,@NYTimes
0.0,Wed Apr 04 18:50:05 +0000 2018,0.0,1.0,0.0,John Kasich is not *not* running for president https://t.co/6ONN2A2sWq,41,@NYTimes
0.586,Wed Apr 04 18:40:07 +0000 2018,0.0,0.725,0.275,RT @NYTHealth: Bananas vs. sports drinks? Bananas win in study https://t.co/5pHP1c2BvR,42,@NYTimes
-0.34,Wed Apr 04 18:28:52 +0000 2018,0.112,0.888,0.0,"‚ÄúI‚Äôm going to shoot my school up watch the news,‚Äù a 14-year-old boy commented on one of Julian Edelman's Instagram‚Ä¶ https://t.co/srQR968USc",43,@NYTimes
0.0,Wed Apr 04 18:28:01 +0000 2018,0.0,1.0,0.0,"‚ÄúWhenever I‚Äôm afraid to do something, I think about his ‚ÄòI Have a Dream‚Äô speech, and I tell myself I can do it‚Äù ‚Äî G‚Ä¶ https://t.co/gCD4Yrgspq",44,@NYTimes
-0.202,Wed Apr 04 18:25:00 +0000 2018,0.185,0.655,0.161,"‚ÄúWhat worries me most is what‚Äôs going to happen, like if I‚Äôm going to be good at one moment and then be hurt or dea‚Ä¶ https://t.co/wz8LUhULfR",45,@NYTimes
0.0,Wed Apr 04 18:22:00 +0000 2018,0.0,1.0,0.0,"‚ÄúIf it wasn‚Äôt for him, I probably wouldn‚Äôt be here because my dad, he‚Äôs African-American, and my mom is white. Now‚Ä¶ https://t.co/X2sbkjCPcQ",46,@NYTimes
0.822,Wed Apr 04 18:19:00 +0000 2018,0.0,0.677,0.323,"‚ÄúI think about him a lot, almost every day. I‚Äôve got white friends and black friends that I play with a lot. I thin‚Ä¶ https://t.co/YbaWnATlrT",47,@NYTimes
0.0,Wed Apr 04 18:16:00 +0000 2018,0.0,1.0,0.0,"‚ÄúWe had a black history program, and I had to dress up and be Dr. Martin Luther King... I don‚Äôt remember his speech‚Ä¶ https://t.co/eoekwxrh2P",48,@NYTimes
0.402,Wed Apr 04 18:13:00 +0000 2018,0.0,0.895,0.105,"‚ÄúHe said, ‚ÄòThe time is always right to do right,‚Äô and some people went by it and some people didn‚Äôt. I wish more pe‚Ä¶ https://t.co/PdgCQbzrmg",49,@NYTimes
-0.599,Wed Apr 04 18:10:04 +0000 2018,0.17,0.83,0.0,"Near the site of the Rev. Dr. Martin Luther King., Jr‚Äôs assassination in Memphis, 6 students reflected on the civil‚Ä¶ https://t.co/pBe0L8cJPJ",50,@NYTimes
0.153,Wed Apr 04 18:02:52 +0000 2018,0.0,0.904,0.096,"The stars of ""Jersey Shore"" and ""Trading Spaces"" return for reboots wiser, but not warier https://t.co/QjnrVLyPP1",51,@NYTimes
-0.103,Wed Apr 04 17:50:08 +0000 2018,0.186,0.682,0.133,RT @ScottShaneNYT: This dispute inside Google is a fascinating culture clash. No Beltway Bandit ever has an employee revolt over taking Pen‚Ä¶,52,@NYTimes
0.202,Wed Apr 04 17:40:08 +0000 2018,0.11,0.709,0.181,"Tiger Woods broke down after routinely pushing his body past its limits. ""Thank God there‚Äôs modern science to fix u‚Ä¶ https://t.co/ZPls4jgtpK",53,@NYTimes
-0.66,Wed Apr 04 17:30:16 +0000 2018,0.18,0.82,0.0,RT @SherylNYT: How do you put out a yearbook when 17 of your classmates have been murdered? Must-read from @PatriciaMazzei @SamuelHodgson o‚Ä¶,54,@NYTimes
-0.226,Wed Apr 04 17:20:08 +0000 2018,0.113,0.821,0.067,"Once you immerse yourself in the tasty, convenient world of sheet-pan suppers, you won‚Äôt want to stop https://t.co/MAZML2vaN3",55,@NYTimes
0.0,Wed Apr 04 17:10:05 +0000 2018,0.0,1.0,0.0,"50 years ago in Indianapolis, Robert F. Kennedy told a tearful crowd that the Rev. Dr. Martin Luther King Jr. had b‚Ä¶ https://t.co/bb4RGPDsvv",56,@NYTimes
0.908,Wed Apr 04 17:00:03 +0000 2018,0.0,0.592,0.408,"RT @nytimesbooks: Rather than honor people for wealth or celebrity, Robert Reich says, we should honor those who show real virtue https://t‚Ä¶",57,@NYTimes
0.0,Wed Apr 04 16:50:06 +0000 2018,0.0,1.0,0.0,Mark Zuckerberg will testify before Congress next week on Facebook‚Äôs handling of sensitive user data https://t.co/fTXm4VvOAb,58,@NYTimes
0.735,Wed Apr 04 16:40:03 +0000 2018,0.0,0.753,0.247,RT @nytimesworld: The snow monkeys of Japan like a nice warm bath. Scientists wanted to find out the real reason they sought out the hot sp‚Ä¶,59,@NYTimes
0.0,Wed Apr 04 16:30:16 +0000 2018,0.0,1.0,0.0,"Evan Rachel Wood on Dolores, her character on ‚ÄúWestworld‚Äù:  ‚ÄúHer journey mirrored so much of what I had been throug‚Ä¶ https://t.co/3ZW00871u8",60,@NYTimes
-0.402,Wed Apr 04 16:20:06 +0000 2018,0.134,0.79,0.076,RT @rachelswarns: What was Dr. King's message to America in the days before his death?  Join our live chat at 12:30pmET today with civil ri‚Ä¶,61,@NYTimes
-0.599,Wed Apr 04 16:10:03 +0000 2018,0.234,0.766,0.0,"Thousands of Google workers are urging their CEO to drop a Pentagon project, showing Silicon Valley‚Äôs discomfort at‚Ä¶ https://t.co/v3so8mzy9f",62,@NYTimes
0.361,Wed Apr 04 16:05:04 +0000 2018,0.0,0.898,0.102,RT @PatriciaMazzei: THREAD: Some thoughts on what it was like to report on the Parkland students reworking their yearbook after the Feb. 14‚Ä¶,63,@NYTimes
-0.758,Wed Apr 04 15:50:07 +0000 2018,0.245,0.755,0.0,"The Trump administration is on the cusp of a trade war with China, one that threatens broad swaths of the U.S. econ‚Ä¶ https://t.co/PmHxcnJ8lg",64,@NYTimes
0.0,Wed Apr 04 15:42:01 +0000 2018,0.0,1.0,0.0,"""It‚Äôs not just the physical requirements but the mental requirements. I could not imagine doing my job with million‚Ä¶ https://t.co/UgLiTi0txX",65,@NYTimes
0.637,Wed Apr 04 15:41:34 +0000 2018,0.0,0.833,0.167,"Last year, Alexis married Serena Williams, the greatest tennis player of all time, who he says has ‚Äúa work ethic on‚Ä¶ https://t.co/0hXQcDSgdW",66,@NYTimes
0.572,Wed Apr 04 15:40:48 +0000 2018,0.0,0.783,0.217,"Reddit co-founder Alexis Ohanian: ""The key is how do we create opportunities for these conversations to actually ch‚Ä¶ https://t.co/jMg685GnfY",67,@NYTimes
0.026,Wed Apr 04 15:40:03 +0000 2018,0.184,0.628,0.188,"Depending on your perspective, Reddit represents either the best of the web, or the worst https://t.co/jjFnfp0hLQ",68,@NYTimes
-0.103,Wed Apr 04 15:29:36 +0000 2018,0.106,0.805,0.089,"Breaking News: The White House said that the U.S. is committed to fighting ISIS in Syria, a day after President Tru‚Ä¶ https://t.co/rgU6wd87CR",69,@NYTimes
0.0,Wed Apr 04 15:20:08 +0000 2018,0.0,1.0,0.0,RT @NYTNational: What are teachers asking for? Why is this happening now? Our education reporter @DanaGoldstein answers your questions abou‚Ä¶,70,@NYTimes
0.0,Wed Apr 04 15:10:04 +0000 2018,0.0,1.0,0.0,They insisted on preserving a record of the days that came before: Football games. Club activities. The Sadie Hawki‚Ä¶ https://t.co/LEmFsuqp8a,71,@NYTimes
0.0,Wed Apr 04 15:00:25 +0000 2018,0.0,1.0,0.0,"RT @NYTArchives: Fifty years ago today, the Rev. Martin Luther King Jr. was assassinated in Memphis. https://t.co/nxNeIxyUpV https://t.co/N‚Ä¶",72,@NYTimes
-0.38,Wed Apr 04 14:44:01 +0000 2018,0.245,0.755,0.0,5 plants and animals utterly confused by climate change https://t.co/VOTvcFo9b2,73,@NYTimes
0.751,Wed Apr 04 14:30:10 +0000 2018,0.0,0.701,0.299,"Rebecca Dallet, a Milwaukee County Circuit judge favored by liberals, was elected to the Wisconsin Supreme Court https://t.co/c625A02G0J",74,@NYTimes
0.735,Wed Apr 04 14:15:11 +0000 2018,0.0,0.725,0.275,The snow monkeys of Japan like a nice warm bath. Scientists wanted to find out the real reason they sought out the‚Ä¶ https://t.co/4obCcoub7V,75,@NYTimes
0.026,Wed Apr 04 14:00:06 +0000 2018,0.115,0.766,0.119,"Stocks on Wall Street plunged amid an escalating trade dispute between the United States and China, the world's two‚Ä¶ https://t.co/HLCPB4kFwS",76,@NYTimes
0.0,Wed Apr 04 13:45:05 +0000 2018,0.0,1.0,0.0,üçåüçåüçå https://t.co/hUzsDYoMyN,77,@NYTimes
0.0,Wed Apr 04 13:31:03 +0000 2018,0.0,1.0,0.0,"Nasim Najafi Aghdam, the woman identified as the YouTube shooter, told her family in recent weeks that she ""hated""‚Ä¶ https://t.co/SfUTRv68d8",78,@NYTimes
-0.176,Wed Apr 04 13:15:09 +0000 2018,0.082,0.918,0.0,"Moving with unusual speed, Chinese officials outlined plans to make it more costly to import 106 categories of Amer‚Ä¶ https://t.co/utOurLzaoL",79,@NYTimes
0.0,Wed Apr 04 13:00:25 +0000 2018,0.0,1.0,0.0,Morning Briefing: Here's what you need to know to start your day https://t.co/XIk9SLf6Uz https://t.co/cse80EoI95,80,@NYTimes
-0.226,Wed Apr 04 12:46:03 +0000 2018,0.139,0.861,0.0,Teachers in multiple states have walked off the job after a strike in West Virginia yielded a pay raise and signifi‚Ä¶ https://t.co/EaPcvDJD0W,81,@NYTimes
0.0,Wed Apr 04 12:31:05 +0000 2018,0.0,1.0,0.0,"For years, a Democratic schism gave Republicans control of New York's State Senate. A steakhouse deal with the gove‚Ä¶ https://t.co/rv1lyw4P3D",82,@NYTimes
-0.382,Wed Apr 04 12:15:32 +0000 2018,0.133,0.867,0.0,"Your daily @DealBook briefing: 
‚Ä¢  Beijing moves to escalate its tariffs fight with the U.S.

‚Ä¢  YouTube grapples w‚Ä¶ https://t.co/kJeyoioLDx",83,@NYTimes
-0.599,Wed Apr 04 12:14:04 +0000 2018,0.17,0.83,0.0,"As the world commemorates the 50th anniversary of the assassination of Martin Luther King Jr., church leaders are c‚Ä¶ https://t.co/Iq7ihJVwMv",84,@NYTimes
-0.052,Wed Apr 04 12:00:20 +0000 2018,0.08,0.85,0.07,President Trump is falling back on the familiar mix of belligerence and isolationism that fueled his ‚ÄúAmerica First‚Ä¶ https://t.co/B93DsZIyel,85,@NYTimes
0.0,Wed Apr 04 11:44:06 +0000 2018,0.0,1.0,0.0,"""We are now at a place where about 90 percent of the companies we represent now have a presidential Twitter strateg‚Ä¶ https://t.co/73BCzS8BeS",86,@NYTimes
0.0,Wed Apr 04 11:31:07 +0000 2018,0.0,1.0,0.0,"A proposal for a sweeping regulatory rollback should have been Scott Pruitt‚Äôs finest moment. Instead, the E.P.A. ch‚Ä¶ https://t.co/hJqnMOzNkC",87,@NYTimes
-0.586,Wed Apr 04 11:15:08 +0000 2018,0.302,0.604,0.093,Jimmy Kimmel was dumbfounded by President Trump's criticism of Amazon. Our late-night roundup: https://t.co/0UtyWKhuf2,88,@NYTimes
0.422,Wed Apr 04 11:00:17 +0000 2018,0.0,0.877,0.123,"It started with a report on Fox News, and ended with calls for United States troops at the border with Mexico https://t.co/xIZB66TJh3",89,@NYTimes
0.226,Wed Apr 04 10:49:02 +0000 2018,0.0,0.913,0.087,"China hit back at the U.S. with proposed tariffs on $50 billion worth of American soybeans, cars, chemicals and oth‚Ä¶ https://t.co/fXsmox1lW2",90,@NYTimes
0.34,Wed Apr 04 10:40:08 +0000 2018,0.0,0.876,0.124,"The motivation for the shootings is under investigation, the police said, although the suspect's social media posti‚Ä¶ https://t.co/9V2n12s2m5",91,@NYTimes
-0.875,Wed Apr 04 10:31:07 +0000 2018,0.321,0.679,0.0,"""If they had killed Taliban, my heart would not be at this much pain,"" a witness said. ""But they killed children."" https://t.co/otVMeNRvJ2",92,@NYTimes
0.0,Wed Apr 04 10:15:03 +0000 2018,0.0,1.0,0.0,"On its first day of trading on the New York Stock Exchange, Spotify finished with a valuation of $26.5 billion https://t.co/fmjCZx6mGx",93,@NYTimes
0.0,Wed Apr 04 10:00:19 +0000 2018,0.0,1.0,0.0,Morning Briefing: Here's what you need to know to start your day https://t.co/P9F9Bgyjgr https://t.co/ACXatDQvac,94,@NYTimes
0.178,Wed Apr 04 09:44:01 +0000 2018,0.135,0.699,0.166,Viktor Orban claims to have conjured an economic miracle. One village shows he is right ‚Äî and wrong. https://t.co/jmEQCJVxsg,95,@NYTimes
0.572,Wed Apr 04 09:30:05 +0000 2018,0.0,0.802,0.198,"Jeremy Corbyn's decision to celebrate Passover with Jewdas, a self-described radical leftist Jewish group, has been‚Ä¶ https://t.co/EM9SDJkxFx",96,@NYTimes
-0.494,Wed Apr 04 09:15:08 +0000 2018,0.167,0.833,0.0,Britain‚Äôs military laboratory has not established whether the nerve agent that poisoned a Russian former double age‚Ä¶ https://t.co/R4QFC2LhTV,97,@NYTimes
0.0,Wed Apr 04 09:00:10 +0000 2018,0.0,1.0,0.0,Facebook said it had found and removed more than 270 accounts and pages controlled by a so-called troll factory in‚Ä¶ https://t.co/FjXEilowbm,98,@NYTimes
0.0,Wed Apr 04 08:46:05 +0000 2018,0.0,1.0,0.0,"RT @nytimesworld: As gambling takes a financial toll on Australians, some liken the country's pro-gaming industry to the National Rifle Ass‚Ä¶",99,@NYTimes
